{
    "rows_returned": 1,
    "latency": 52.685760574,
    "result_set_size": 8,
    "cumulative_rows_scanned": 5273600000,
    "cumulative_cardinality": 337646001,
    "extra_info": {},
    "cpu_time": 485.3407598529998,
    "blocked_thread_time": 4.84,
    "query_name": "COPY (FROM read_parquet(['s3://tpch10289--apne1-az1--x-s3/1023.parquet','s3://tpch10289--apne1-az1--x-s3/1053.parquet','s3://tpch10289--apne1-az1--x-s3/1230.parquet','s3://tpch10289--apne1-az1--x-s3/1263.parquet','s3://tpch10289--apne1-az1--x-s3/1266.parquet','s3://tpch10289--apne1-az1--x-s3/1353.parquet','s3://tpch10289--apne1-az1--x-s3/1359.parquet','s3://tpch10289--apne1-az1--x-s3/1360.parquet','s3://tpch10289--apne1-az1--x-s3/142.parquet','s3://tpch10289--apne1-az1--x-s3/143.parquet','s3://tpch10289--apne1-az1--x-s3/1443.parquet','s3://tpch10289--apne1-az1--x-s3/1444.parquet','s3://tpch10289--apne1-az1--x-s3/1518.parquet','s3://tpch10289--apne1-az1--x-s3/156.parquet','s3://tpch10289--apne1-az1--x-s3/170.parquet','s3://tpch10289--apne1-az1--x-s3/1709.parquet','s3://tpch10289--apne1-az1--x-s3/1712.parquet','s3://tpch10289--apne1-az1--x-s3/1724.parquet','s3://tpch10289--apne1-az1--x-s3/1725.parquet','s3://tpch10289--apne1-az1--x-s3/1728.parquet','s3://tpch10289--apne1-az1--x-s3/1852.parquet','s3://tpch10289--apne1-az1--x-s3/2278.parquet','s3://tpch10289--apne1-az1--x-s3/2627.parquet','s3://tpch10289--apne1-az1--x-s3/2629.parquet','s3://tpch10289--apne1-az1--x-s3/2632.parquet','s3://tpch10289--apne1-az1--x-s3/2639.parquet','s3://tpch10289--apne1-az1--x-s3/2641.parquet','s3://tpch10289--apne1-az1--x-s3/2643.parquet','s3://tpch10289--apne1-az1--x-s3/2644.parquet','s3://tpch10289--apne1-az1--x-s3/2645.parquet','s3://tpch10289--apne1-az1--x-s3/2646.parquet','s3://tpch10289--apne1-az1--x-s3/2648.parquet','s3://tpch10289--apne1-az1--x-s3/2650.parquet','s3://tpch10289--apne1-az1--x-s3/2651.parquet','s3://tpch10289--apne1-az1--x-s3/2652.parquet','s3://tpch10289--apne1-az1--x-s3/2653.parquet','s3://tpch10289--apne1-az1--x-s3/2654.parquet','s3://tpch10289--apne1-az1--x-s3/2657.parquet','s3://tpch10289--apne1-az1--x-s3/2659.parquet','s3://tpch10289--apne1-az1--x-s3/2662.parquet','s3://tpch10289--apne1-az1--x-s3/2663.parquet','s3://tpch10289--apne1-az1--x-s3/2664.parquet','s3://tpch10289--apne1-az1--x-s3/2668.parquet','s3://tpch10289--apne1-az1--x-s3/2669.parquet','s3://tpch10289--apne1-az1--x-s3/2671.parquet','s3://tpch10289--apne1-az1--x-s3/2673.parquet','s3://tpch10289--apne1-az1--x-s3/2674.parquet','s3://tpch10289--apne1-az1--x-s3/2676.parquet','s3://tpch10289--apne1-az1--x-s3/2679.parquet','s3://tpch10289--apne1-az1--x-s3/2680.parquet','s3://tpch10289--apne1-az1--x-s3/2681.parquet','s3://tpch10289--apne1-az1--x-s3/2682.parquet','s3://tpch10289--apne1-az1--x-s3/2686.parquet','s3://tpch10289--apne1-az1--x-s3/2687.parquet','s3://tpch10289--apne1-az1--x-s3/2691.parquet','s3://tpch10289--apne1-az1--x-s3/2692.parquet','s3://tpch10289--apne1-az1--x-s3/2693.parquet','s3://tpch10289--apne1-az1--x-s3/2695.parquet','s3://tpch10289--apne1-az1--x-s3/2696.parquet','s3://tpch10289--apne1-az1--x-s3/2698.parquet','s3://tpch10289--apne1-az1--x-s3/2699.parquet','s3://tpch10289--apne1-az1--x-s3/2700.parquet','s3://tpch10289--apne1-az1--x-s3/2701.parquet','s3://tpch10289--apne1-az1--x-s3/2702.parquet','s3://tpch10289--apne1-az1--x-s3/2703.parquet','s3://tpch10289--apne1-az1--x-s3/2704.parquet','s3://tpch10289--apne1-az1--x-s3/2705.parquet','s3://tpch10289--apne1-az1--x-s3/2706.parquet','s3://tpch10289--apne1-az1--x-s3/2707.parquet','s3://tpch10289--apne1-az1--x-s3/2708.parquet','s3://tpch10289--apne1-az1--x-s3/2709.parquet','s3://tpch10289--apne1-az1--x-s3/2710.parquet','s3://tpch10289--apne1-az1--x-s3/2711.parquet','s3://tpch10289--apne1-az1--x-s3/2712.parquet','s3://tpch10289--apne1-az1--x-s3/2713.parquet','s3://tpch10289--apne1-az1--x-s3/2714.parquet','s3://tpch10289--apne1-az1--x-s3/2715.parquet','s3://tpch10289--apne1-az1--x-s3/2716.parquet','s3://tpch10289--apne1-az1--x-s3/2717.parquet','s3://tpch10289--apne1-az1--x-s3/2718.parquet','s3://tpch10289--apne1-az1--x-s3/2719.parquet','s3://tpch10289--apne1-az1--x-s3/2720.parquet','s3://tpch10289--apne1-az1--x-s3/2721.parquet','s3://tpch10289--apne1-az1--x-s3/2722.parquet','s3://tpch10289--apne1-az1--x-s3/2723.parquet','s3://tpch10289--apne1-az1--x-s3/2724.parquet','s3://tpch10289--apne1-az1--x-s3/2725.parquet','s3://tpch10289--apne1-az1--x-s3/2726.parquet','s3://tpch10289--apne1-az1--x-s3/2727.parquet','s3://tpch10289--apne1-az1--x-s3/2728.parquet','s3://tpch10289--apne1-az1--x-s3/2729.parquet','s3://tpch10289--apne1-az1--x-s3/2730.parquet','s3://tpch10289--apne1-az1--x-s3/2731.parquet','s3://tpch10289--apne1-az1--x-s3/2732.parquet','s3://tpch10289--apne1-az1--x-s3/2733.parquet','s3://tpch10289--apne1-az1--x-s3/2734.parquet','s3://tpch10289--apne1-az1--x-s3/2735.parquet','s3://tpch10289--apne1-az1--x-s3/2736.parquet','s3://tpch10289--apne1-az1--x-s3/2737.parquet','s3://tpch10289--apne1-az1--x-s3/2738.parquet','s3://tpch10289--apne1-az1--x-s3/2739.parquet','s3://tpch10289--apne1-az1--x-s3/2740.parquet','s3://tpch10289--apne1-az1--x-s3/2741.parquet','s3://tpch10289--apne1-az1--x-s3/2742.parquet','s3://tpch10289--apne1-az1--x-s3/2743.parquet','s3://tpch10289--apne1-az1--x-s3/2744.parquet','s3://tpch10289--apne1-az1--x-s3/2745.parquet','s3://tpch10289--apne1-az1--x-s3/2746.parquet','s3://tpch10289--apne1-az1--x-s3/2747.parquet','s3://tpch10289--apne1-az1--x-s3/2748.parquet','s3://tpch10289--apne1-az1--x-s3/2749.parquet','s3://tpch10289--apne1-az1--x-s3/2750.parquet','s3://tpch10289--apne1-az1--x-s3/2751.parquet','s3://tpch10289--apne1-az1--x-s3/2752.parquet','s3://tpch10289--apne1-az1--x-s3/2753.parquet','s3://tpch10289--apne1-az1--x-s3/2754.parquet','s3://tpch10289--apne1-az1--x-s3/2755.parquet','s3://tpch10289--apne1-az1--x-s3/2756.parquet','s3://tpch10289--apne1-az1--x-s3/2757.parquet','s3://tpch10289--apne1-az1--x-s3/2758.parquet','s3://tpch10289--apne1-az1--x-s3/2759.parquet','s3://tpch10289--apne1-az1--x-s3/2760.parquet','s3://tpch10289--apne1-az1--x-s3/2761.parquet','s3://tpch10289--apne1-az1--x-s3/2762.parquet','s3://tpch10289--apne1-az1--x-s3/2763.parquet','s3://tpch10289--apne1-az1--x-s3/2764.parquet','s3://tpch10289--apne1-az1--x-s3/2765.parquet','s3://tpch10289--apne1-az1--x-s3/2766.parquet','s3://tpch10289--apne1-az1--x-s3/2767.parquet','s3://tpch10289--apne1-az1--x-s3/2769.parquet','s3://tpch10289--apne1-az1--x-s3/2770.parquet','s3://tpch10289--apne1-az1--x-s3/2771.parquet','s3://tpch10289--apne1-az1--x-s3/2772.parquet','s3://tpch10289--apne1-az1--x-s3/2773.parquet','s3://tpch10289--apne1-az1--x-s3/2774.parquet','s3://tpch10289--apne1-az1--x-s3/2775.parquet','s3://tpch10289--apne1-az1--x-s3/2776.parquet','s3://tpch10289--apne1-az1--x-s3/2777.parquet','s3://tpch10289--apne1-az1--x-s3/2778.parquet','s3://tpch10289--apne1-az1--x-s3/2779.parquet','s3://tpch10289--apne1-az1--x-s3/2780.parquet','s3://tpch10289--apne1-az1--x-s3/2781.parquet','s3://tpch10289--apne1-az1--x-s3/2782.parquet','s3://tpch10289--apne1-az1--x-s3/2783.parquet','s3://tpch10289--apne1-az1--x-s3/2784.parquet','s3://tpch10289--apne1-az1--x-s3/2785.parquet','s3://tpch10289--apne1-az1--x-s3/2786.parquet','s3://tpch10289--apne1-az1--x-s3/2787.parquet','s3://tpch10289--apne1-az1--x-s3/2788.parquet','s3://tpch10289--apne1-az1--x-s3/2789.parquet','s3://tpch10289--apne1-az1--x-s3/2790.parquet','s3://tpch10289--apne1-az1--x-s3/2791.parquet','s3://tpch10289--apne1-az1--x-s3/2792.parquet','s3://tpch10289--apne1-az1--x-s3/2793.parquet','s3://tpch10289--apne1-az1--x-s3/2794.parquet','s3://tpch10289--apne1-az1--x-s3/2795.parquet','s3://tpch10289--apne1-az1--x-s3/2796.parquet','s3://tpch10289--apne1-az1--x-s3/2797.parquet','s3://tpch10289--apne1-az1--x-s3/2798.parquet','s3://tpch10289--apne1-az1--x-s3/2799.parquet','s3://tpch10289--apne1-az1--x-s3/2800.parquet','s3://tpch10289--apne1-az1--x-s3/2801.parquet','s3://tpch10289--apne1-az1--x-s3/2802.parquet',