{
    "rows_returned": 1,
    "latency": 51.02320124,
    "result_set_size": 8,
    "cumulative_rows_scanned": 5440000000,
    "cumulative_cardinality": 335693157,
    "extra_info": {},
    "cpu_time": 456.41590727300013,
    "blocked_thread_time": 4.76,
    "query_name": "COPY (FROM read_parquet(['s3://tpch10289--apne1-az1--x-s3/1.parquet','s3://tpch10289--apne1-az1--x-s3/102.parquet','s3://tpch10289--apne1-az1--x-s3/105.parquet','s3://tpch10289--apne1-az1--x-s3/1064.parquet','s3://tpch10289--apne1-az1--x-s3/108.parquet','s3://tpch10289--apne1-az1--x-s3/112.parquet','s3://tpch10289--apne1-az1--x-s3/1135.parquet','s3://tpch10289--apne1-az1--x-s3/115.parquet','s3://tpch10289--apne1-az1--x-s3/116.parquet','s3://tpch10289--apne1-az1--x-s3/12.parquet','s3://tpch10289--apne1-az1--x-s3/123.parquet','s3://tpch10289--apne1-az1--x-s3/124.parquet','s3://tpch10289--apne1-az1--x-s3/125.parquet','s3://tpch10289--apne1-az1--x-s3/127.parquet','s3://tpch10289--apne1-az1--x-s3/1278.parquet','s3://tpch10289--apne1-az1--x-s3/1279.parquet','s3://tpch10289--apne1-az1--x-s3/1280.parquet','s3://tpch10289--apne1-az1--x-s3/1281.parquet','s3://tpch10289--apne1-az1--x-s3/1282.parquet','s3://tpch10289--apne1-az1--x-s3/1283.parquet','s3://tpch10289--apne1-az1--x-s3/1284.parquet','s3://tpch10289--apne1-az1--x-s3/1285.parquet','s3://tpch10289--apne1-az1--x-s3/1286.parquet','s3://tpch10289--apne1-az1--x-s3/1287.parquet','s3://tpch10289--apne1-az1--x-s3/1288.parquet','s3://tpch10289--apne1-az1--x-s3/1289.parquet','s3://tpch10289--apne1-az1--x-s3/129.parquet','s3://tpch10289--apne1-az1--x-s3/1290.parquet','s3://tpch10289--apne1-az1--x-s3/1291.parquet','s3://tpch10289--apne1-az1--x-s3/1292.parquet','s3://tpch10289--apne1-az1--x-s3/1293.parquet','s3://tpch10289--apne1-az1--x-s3/1294.parquet','s3://tpch10289--apne1-az1--x-s3/1295.parquet','s3://tpch10289--apne1-az1--x-s3/1296.parquet','s3://tpch10289--apne1-az1--x-s3/1297.parquet','s3://tpch10289--apne1-az1--x-s3/1298.parquet','s3://tpch10289--apne1-az1--x-s3/1299.parquet','s3://tpch10289--apne1-az1--x-s3/130.parquet','s3://tpch10289--apne1-az1--x-s3/1300.parquet','s3://tpch10289--apne1-az1--x-s3/1301.parquet','s3://tpch10289--apne1-az1--x-s3/1302.parquet','s3://tpch10289--apne1-az1--x-s3/1303.parquet','s3://tpch10289--apne1-az1--x-s3/1304.parquet','s3://tpch10289--apne1-az1--x-s3/1305.parquet','s3://tpch10289--apne1-az1--x-s3/1306.parquet','s3://tpch10289--apne1-az1--x-s3/1307.parquet','s3://tpch10289--apne1-az1--x-s3/1308.parquet','s3://tpch10289--apne1-az1--x-s3/1309.parquet','s3://tpch10289--apne1-az1--x-s3/1310.parquet','s3://tpch10289--apne1-az1--x-s3/1311.parquet','s3://tpch10289--apne1-az1--x-s3/1312.parquet','s3://tpch10289--apne1-az1--x-s3/1313.parquet','s3://tpch10289--apne1-az1--x-s3/1314.parquet','s3://tpch10289--apne1-az1--x-s3/1315.parquet','s3://tpch10289--apne1-az1--x-s3/1316.parquet','s3://tpch10289--apne1-az1--x-s3/1317.parquet','s3://tpch10289--apne1-az1--x-s3/1318.parquet','s3://tpch10289--apne1-az1--x-s3/1319.parquet','s3://tpch10289--apne1-az1--x-s3/132.parquet','s3://tpch10289--apne1-az1--x-s3/1320.parquet','s3://tpch10289--apne1-az1--x-s3/1321.parquet','s3://tpch10289--apne1-az1--x-s3/1322.parquet','s3://tpch10289--apne1-az1--x-s3/1323.parquet','s3://tpch10289--apne1-az1--x-s3/1324.parquet','s3://tpch10289--apne1-az1--x-s3/1325.parquet','s3://tpch10289--apne1-az1--x-s3/1326.parquet','s3://tpch10289--apne1-az1--x-s3/1327.parquet','s3://tpch10289--apne1-az1--x-s3/1328.parquet','s3://tpch10289--apne1-az1--x-s3/1329.parquet','s3://tpch10289--apne1-az1--x-s3/133.parquet','s3://tpch10289--apne1-az1--x-s3/1330.parquet','s3://tpch10289--apne1-az1--x-s3/1331.parquet','s3://tpch10289--apne1-az1--x-s3/1332.parquet','s3://tpch10289--apne1-az1--x-s3/1333.parquet','s3://tpch10289--apne1-az1--x-s3/1334.parquet','s3://tpch10289--apne1-az1--x-s3/1335.parquet','s3://tpch10289--apne1-az1--x-s3/1336.parquet','s3://tpch10289--apne1-az1--x-s3/1337.parquet','s3://tpch10289--apne1-az1--x-s3/1338.parquet','s3://tpch10289--apne1-az1--x-s3/1339.parquet','s3://tpch10289--apne1-az1--x-s3/1340.parquet','s3://tpch10289--apne1-az1--x-s3/1341.parquet','s3://tpch10289--apne1-az1--x-s3/1342.parquet','s3://tpch10289--apne1-az1--x-s3/1343.parquet','s3://tpch10289--apne1-az1--x-s3/1344.parquet','s3://tpch10289--apne1-az1--x-s3/1345.parquet','s3://tpch10289--apne1-az1--x-s3/1346.parquet','s3://tpch10289--apne1-az1--x-s3/1347.parquet','s3://tpch10289--apne1-az1--x-s3/14.parquet','s3://tpch10289--apne1-az1--x-s3/142.parquet','s3://tpch10289--apne1-az1--x-s3/143.parquet','s3://tpch10289--apne1-az1--x-s3/144.parquet','s3://tpch10289--apne1-az1--x-s3/145.parquet','s3://tpch10289--apne1-az1--x-s3/146.parquet','s3://tpch10289--apne1-az1--x-s3/147.parquet','s3://tpch10289--apne1-az1--x-s3/149.parquet','s3://tpch10289--apne1-az1--x-s3/150.parquet','s3://tpch10289--apne1-az1--x-s3/151.parquet','s3://tpch10289--apne1-az1--x-s3/152.parquet','s3://tpch10289--apne1-az1--x-s3/154.parquet','s3://tpch10289--apne1-az1--x-s3/159.parquet','s3://tpch10289--apne1-az1--x-s3/161.parquet','s3://tpch10289--apne1-az1--x-s3/162.parquet','s3://tpch10289--apne1-az1--x-s3/167.parquet','s3://tpch10289--apne1-az1--x-s3/168.parquet','s3://tpch10289--apne1-az1--x-s3/171.parquet','s3://tpch10289--apne1-az1--x-s3/174.parquet','s3://tpch10289--apne1-az1--x-s3/179.parquet','s3://tpch10289--apne1-az1--x-s3/181.parquet','s3://tpch10289--apne1-az1--x-s3/188.parquet','s3://tpch10289--apne1-az1--x-s3/190.parquet','s3://tpch10289--apne1-az1--x-s3/191.parquet','s3://tpch10289--apne1-az1--x-s3/192.parquet','s3://tpch10289--apne1-az1--x-s3/193.parquet','s3://tpch10289--apne1-az1--x-s3/195.parquet','s3://tpch10289--apne1-az1--x-s3/198.parquet','s3://tpch10289--apne1-az1--x-s3/201.parquet','s3://tpch10289--apne1-az1--x-s3/204.parquet','s3://tpch10289--apne1-az1--x-s3/205.parquet','s3://tpch10289--apne1-az1--x-s3/21.parquet','s3://tpch10289--apne1-az1--x-s3/211.parquet','s3://tpch10289--apne1-az1--x-s3/27.parquet','s3://tpch10289--apne1-az1--x-s3/28.parquet','s3://tpch10289--apne1-az1--x-s3/284.parquet','s3://tpch10289--apne1-az1--x-s3/285.parquet','s3://tpch10289--apne1-az1--x-s3/287.parquet','s3://tpch10289--apne1-az1--x-s3/288.parquet','s3://tpch10289--apne1-az1--x-s3/289.parquet','s3://tpch10289--apne1-az1--x-s3/290.parquet','s3://tpch10289--apne1-az1--x-s3/292.parquet','s3://tpch10289--apne1-az1--x-s3/293.parquet','s3://tpch10289--apne1-az1--x-s3/294.parquet','s3://tpch10289--apne1-az1--x-s3/295.parquet','s3://tpch10289--apne1-az1--x-s3/297.parquet','s3://tpch10289--apne1-az1--x-s3/298.parquet','s3://tpch10289--apne1-az1--x-s3/299.parquet','s3://tpch10289--apne1-az1--x-s3/300.parquet','s3://tpch10289--apne1-az1--x-s3/302.parquet','s3://tpch10289--apne1-az1--x-s3/303.parquet','s3://tpch10289--apne1-az1--x-s3/304.parquet','s3://tpch10289--apne1-az1--x-s3/305.parquet','s3://tpch10289--apne1-az1--x-s3/307.parquet','s3://tpch10289--apne1-az1--x-s3/309.parquet','s3://tpch10289--apne1-az1--x-s3/310.parquet','s3://tpch10289--apne1-az1--x-s3/313.parquet','s3://tpch10289--apne1-az1--x-s3/314.parquet','s3://tpch10289--apne1-az1--x-s3/315.parquet','s3://tpch10289--apne1-az1--x-s3/316.parquet','s3://tpch10289--apne1-az1--x-s3/317.parquet','s3://tpch10289--apne1-az1--x-s3/318.parquet','s3://tpch10289--apne1-az1--x-s3/319.parquet','s3://tpch10289--apne1-az1--x-s3/320.parquet','s3://tpch10289--apne1-az1--x-s3/321.parquet','s3://tpch10289--apne1-az1--x-s3/323.parquet','s3://tpch10289--apne1-az1--x-s3/324.parquet','s3://tpch10289--apne1-az1--x-s3/325.parquet','s3://tpch10289--apne1-az1--x-s3/329.parquet','s3://tpch10289--apne1-az1--x-s3/330.parquet','s3://tpch10289--apne1-az1--x-s3/332.parquet','s3://tpch10289--apne1-az1--x-s3/334.parquet','s3://tpch10289--apne1-az1--x-s3/336.parquet','s3://tpch10289--apne1-az1--x-s3/338.parquet','s3://tpch10289--apne1-az1--x-s3/339.parquet','s3://tpch10289--apne1-az1--x-s3/340.parquet','s3://tpch10289--apne1-az1--x-s3/341.parquet','s3://tpch10289--apne1-az1--x-s3/342.parquet',