{
    "rows_returned": 1,
    "latency": 51.699481916,
    "result_set_size": 8,
    "cumulative_rows_scanned": 5420800000,
    "cumulative_cardinality": 338844001,
    "extra_info": {},
    "cpu_time": 472.1842546220001,
    "blocked_thread_time": 5.44,
    "query_name": "COPY (FROM read_parquet(['s3://tpch28764--apne1-az1--x-s3/514.parquet','s3://tpch28764--apne1-az1--x-s3/517.parquet','s3://tpch28764--apne1-az1--x-s3/519.parquet','s3://tpch28764--apne1-az1--x-s3/523.parquet','s3://tpch28764--apne1-az1--x-s3/526.parquet','s3://tpch28764--apne1-az1--x-s3/531.parquet','s3://tpch28764--apne1-az1--x-s3/541.parquet','s3://tpch28764--apne1-az1--x-s3/542.parquet','s3://tpch28764--apne1-az1--x-s3/560.parquet','s3://tpch28764--apne1-az1--x-s3/564.parquet','s3://tpch28764--apne1-az1--x-s3/568.parquet','s3://tpch28764--apne1-az1--x-s3/569.parquet','s3://tpch28764--apne1-az1--x-s3/570.parquet','s3://tpch28764--apne1-az1--x-s3/571.parquet','s3://tpch28764--apne1-az1--x-s3/572.parquet','s3://tpch28764--apne1-az1--x-s3/573.parquet','s3://tpch28764--apne1-az1--x-s3/574.parquet','s3://tpch28764--apne1-az1--x-s3/575.parquet','s3://tpch28764--apne1-az1--x-s3/576.parquet','s3://tpch28764--apne1-az1--x-s3/577.parquet','s3://tpch28764--apne1-az1--x-s3/578.parquet','s3://tpch28764--apne1-az1--x-s3/579.parquet','s3://tpch28764--apne1-az1--x-s3/580.parquet','s3://tpch28764--apne1-az1--x-s3/581.parquet','s3://tpch28764--apne1-az1--x-s3/582.parquet','s3://tpch28764--apne1-az1--x-s3/583.parquet','s3://tpch28764--apne1-az1--x-s3/584.parquet','s3://tpch28764--apne1-az1--x-s3/585.parquet','s3://tpch28764--apne1-az1--x-s3/586.parquet','s3://tpch28764--apne1-az1--x-s3/587.parquet','s3://tpch28764--apne1-az1--x-s3/588.parquet','s3://tpch28764--apne1-az1--x-s3/589.parquet','s3://tpch28764--apne1-az1--x-s3/590.parquet','s3://tpch28764--apne1-az1--x-s3/591.parquet','s3://tpch28764--apne1-az1--x-s3/592.parquet','s3://tpch28764--apne1-az1--x-s3/593.parquet','s3://tpch28764--apne1-az1--x-s3/594.parquet','s3://tpch28764--apne1-az1--x-s3/595.parquet','s3://tpch28764--apne1-az1--x-s3/596.parquet','s3://tpch28764--apne1-az1--x-s3/597.parquet','s3://tpch28764--apne1-az1--x-s3/598.parquet','s3://tpch28764--apne1-az1--x-s3/599.parquet','s3://tpch28764--apne1-az1--x-s3/600.parquet','s3://tpch28764--apne1-az1--x-s3/601.parquet','s3://tpch28764--apne1-az1--x-s3/602.parquet','s3://tpch28764--apne1-az1--x-s3/603.parquet','s3://tpch28764--apne1-az1--x-s3/604.parquet','s3://tpch28764--apne1-az1--x-s3/605.parquet','s3://tpch28764--apne1-az1--x-s3/606.parquet','s3://tpch28764--apne1-az1--x-s3/607.parquet','s3://tpch28764--apne1-az1--x-s3/608.parquet','s3://tpch28764--apne1-az1--x-s3/609.parquet','s3://tpch28764--apne1-az1--x-s3/610.parquet','s3://tpch28764--apne1-az1--x-s3/611.parquet','s3://tpch28764--apne1-az1--x-s3/612.parquet','s3://tpch28764--apne1-az1--x-s3/613.parquet','s3://tpch28764--apne1-az1--x-s3/614.parquet','s3://tpch28764--apne1-az1--x-s3/615.parquet','s3://tpch28764--apne1-az1--x-s3/616.parquet','s3://tpch28764--apne1-az1--x-s3/617.parquet','s3://tpch28764--apne1-az1--x-s3/618.parquet','s3://tpch28764--apne1-az1--x-s3/619.parquet','s3://tpch28764--apne1-az1--x-s3/620.parquet','s3://tpch28764--apne1-az1--x-s3/621.parquet','s3://tpch28764--apne1-az1--x-s3/622.parquet','s3://tpch28764--apne1-az1--x-s3/623.parquet','s3://tpch28764--apne1-az1--x-s3/624.parquet','s3://tpch28764--apne1-az1--x-s3/625.parquet','s3://tpch28764--apne1-az1--x-s3/626.parquet','s3://tpch28764--apne1-az1--x-s3/627.parquet','s3://tpch28764--apne1-az1--x-s3/628.parquet','s3://tpch28764--apne1-az1--x-s3/629.parquet','s3://tpch28764--apne1-az1--x-s3/630.parquet','s3://tpch28764--apne1-az1--x-s3/631.parquet','s3://tpch28764--apne1-az1--x-s3/632.parquet','s3://tpch28764--apne1-az1--x-s3/633.parquet','s3://tpch28764--apne1-az1--x-s3/634.parquet','s3://tpch28764--apne1-az1--x-s3/635.parquet','s3://tpch28764--apne1-az1--x-s3/636.parquet','s3://tpch28764--apne1-az1--x-s3/637.parquet','s3://tpch28764--apne1-az1--x-s3/639.parquet','s3://tpch28764--apne1-az1--x-s3/640.parquet','s3://tpch28764--apne1-az1--x-s3/641.parquet','s3://tpch28764--apne1-az1--x-s3/642.parquet','s3://tpch28764--apne1-az1--x-s3/643.parquet','s3://tpch28764--apne1-az1--x-s3/644.parquet','s3://tpch28764--apne1-az1--x-s3/645.parquet','s3://tpch28764--apne1-az1--x-s3/646.parquet','s3://tpch28764--apne1-az1--x-s3/647.parquet','s3://tpch28764--apne1-az1--x-s3/648.parquet','s3://tpch28764--apne1-az1--x-s3/649.parquet','s3://tpch28764--apne1-az1--x-s3/650.parquet','s3://tpch28764--apne1-az1--x-s3/651.parquet','s3://tpch28764--apne1-az1--x-s3/652.parquet','s3://tpch28764--apne1-az1--x-s3/653.parquet','s3://tpch28764--apne1-az1--x-s3/654.parquet','s3://tpch28764--apne1-az1--x-s3/655.parquet','s3://tpch28764--apne1-az1--x-s3/656.parquet','s3://tpch28764--apne1-az1--x-s3/657.parquet','s3://tpch28764--apne1-az1--x-s3/658.parquet','s3://tpch28764--apne1-az1--x-s3/659.parquet','s3://tpch28764--apne1-az1--x-s3/660.parquet','s3://tpch28764--apne1-az1--x-s3/661.parquet','s3://tpch28764--apne1-az1--x-s3/662.parquet','s3://tpch28764--apne1-az1--x-s3/663.parquet','s3://tpch28764--apne1-az1--x-s3/664.parquet','s3://tpch28764--apne1-az1--x-s3/665.parquet','s3://tpch28764--apne1-az1--x-s3/666.parquet','s3://tpch28764--apne1-az1--x-s3/667.parquet','s3://tpch28764--apne1-az1--x-s3/668.parquet','s3://tpch28764--apne1-az1--x-s3/669.parquet','s3://tpch28764--apne1-az1--x-s3/670.parquet','s3://tpch28764--apne1-az1--x-s3/671.parquet','s3://tpch28764--apne1-az1--x-s3/672.parquet','s3://tpch28764--apne1-az1--x-s3/673.parquet','s3://tpch28764--apne1-az1--x-s3/674.parquet','s3://tpch28764--apne1-az1--x-s3/675.parquet','s3://tpch28764--apne1-az1--x-s3/676.parquet','s3://tpch28764--apne1-az1--x-s3/677.parquet','s3://tpch28764--apne1-az1--x-s3/678.parquet','s3://tpch28764--apne1-az1--x-s3/679.parquet','s3://tpch28764--apne1-az1--x-s3/680.parquet','s3://tpch28764--apne1-az1--x-s3/681.parquet','s3://tpch28764--apne1-az1--x-s3/682.parquet','s3://tpch28764--apne1-az1--x-s3/683.parquet','s3://tpch28764--apne1-az1--x-s3/684.parquet','s3://tpch28764--apne1-az1--x-s3/685.parquet','s3://tpch28764--apne1-az1--x-s3/686.parquet','s3://tpch28764--apne1-az1--x-s3/687.parquet','s3://tpch28764--apne1-az1--x-s3/688.parquet','s3://tpch28764--apne1-az1--x-s3/689.parquet','s3://tpch28764--apne1-az1--x-s3/690.parquet','s3://tpch28764--apne1-az1--x-s3/691.parquet','s3://tpch28764--apne1-az1--x-s3/692.parquet','s3://tpch28764--apne1-az1--x-s3/693.parquet','s3://tpch28764--apne1-az1--x-s3/694.parquet','s3://tpch28764--apne1-az1--x-s3/695.parquet','s3://tpch28764--apne1-az1--x-s3/696.parquet','s3://tpch28764--apne1-az1--x-s3/697.parquet','s3://tpch28764--apne1-az1--x-s3/698.parquet','s3://tpch28764--apne1-az1--x-s3/699.parquet','s3://tpch28764--apne1-az1--x-s3/700.parquet','s3://tpch28764--apne1-az1--x-s3/701.parquet','s3://tpch28764--apne1-az1--x-s3/702.parquet','s3://tpch28764--apne1-az1--x-s3/703.parquet','s3://tpch28764--apne1-az1--x-s3/704.parquet','s3://tpch28764--apne1-az1--x-s3/705.parquet','s3://tpch28764--apne1-az1--x-s3/706.parquet','s3://tpch28764--apne1-az1--x-s3/707.parquet','s3://tpch28764--apne1-az1--x-s3/708.parquet','s3://tpch28764--apne1-az1--x-s3/710.parquet','s3://tpch28764--apne1-az1--x-s3/712.parquet','s3://tpch28764--apne1-az1--x-s3/713.parquet','s3://tpch28764--apne1-az1--x-s3/714.parquet','s3://tpch28764--apne1-az1--x-s3/715.parquet','s3://tpch28764--apne1-az1--x-s3/717.parquet','s3://tpch28764--apne1-az1--x-s3/718.parquet','s3://tpch28764--apne1-az1--x-s3/721.parquet','s3://tpch28764--apne1-az1--x-s3/722.parquet','s3://tpch28764--apne1-az1--x-s3/723.parquet','s3://tpch28764--apne1-az1--x-s3/724.parquet','s3://tpch28764--apne1-az1--x-s3/725.parquet','s3://tpch28764--apne1-az1--x-s3/726.parquet','s3://tpch28764--apne1-az1--x-s3/728.parquet','s3://tpch28764--apne1-az1--x-s3/729.parquet','s3://tpch28764--apne1-az1--x-s3/731.parquet','s3://tpch28764--apne1-az1--x-s3/733.parquet',