{
    "rows_returned": 1,
    "latency": 49.007189047,
    "result_set_size": 8,
    "cumulative_rows_scanned": 5305600000,
    "cumulative_cardinality": 329572001,
    "extra_info": {},
    "cpu_time": 455.0961365709998,
    "blocked_thread_time": 4.3,
    "query_name": "COPY (FROM read_parquet(['s3://tpch31355--apne1-az1--x-s3/1001.parquet','s3://tpch31355--apne1-az1--x-s3/1005.parquet','s3://tpch31355--apne1-az1--x-s3/1006.parquet','s3://tpch31355--apne1-az1--x-s3/1007.parquet','s3://tpch31355--apne1-az1--x-s3/1008.parquet','s3://tpch31355--apne1-az1--x-s3/1009.parquet','s3://tpch31355--apne1-az1--x-s3/1010.parquet','s3://tpch31355--apne1-az1--x-s3/1012.parquet','s3://tpch31355--apne1-az1--x-s3/1014.parquet','s3://tpch31355--apne1-az1--x-s3/1016.parquet','s3://tpch31355--apne1-az1--x-s3/1018.parquet','s3://tpch31355--apne1-az1--x-s3/1020.parquet','s3://tpch31355--apne1-az1--x-s3/1025.parquet','s3://tpch31355--apne1-az1--x-s3/1026.parquet','s3://tpch31355--apne1-az1--x-s3/1032.parquet','s3://tpch31355--apne1-az1--x-s3/1033.parquet','s3://tpch31355--apne1-az1--x-s3/1034.parquet','s3://tpch31355--apne1-az1--x-s3/1035.parquet','s3://tpch31355--apne1-az1--x-s3/1036.parquet','s3://tpch31355--apne1-az1--x-s3/1037.parquet','s3://tpch31355--apne1-az1--x-s3/1038.parquet','s3://tpch31355--apne1-az1--x-s3/1040.parquet','s3://tpch31355--apne1-az1--x-s3/1043.parquet','s3://tpch31355--apne1-az1--x-s3/1044.parquet','s3://tpch31355--apne1-az1--x-s3/1046.parquet','s3://tpch31355--apne1-az1--x-s3/1047.parquet','s3://tpch31355--apne1-az1--x-s3/1049.parquet','s3://tpch31355--apne1-az1--x-s3/1050.parquet','s3://tpch31355--apne1-az1--x-s3/1051.parquet','s3://tpch31355--apne1-az1--x-s3/1052.parquet','s3://tpch31355--apne1-az1--x-s3/1053.parquet','s3://tpch31355--apne1-az1--x-s3/1055.parquet','s3://tpch31355--apne1-az1--x-s3/1056.parquet','s3://tpch31355--apne1-az1--x-s3/1059.parquet','s3://tpch31355--apne1-az1--x-s3/1062.parquet','s3://tpch31355--apne1-az1--x-s3/1063.parquet','s3://tpch31355--apne1-az1--x-s3/1066.parquet','s3://tpch31355--apne1-az1--x-s3/1068.parquet','s3://tpch31355--apne1-az1--x-s3/1071.parquet','s3://tpch31355--apne1-az1--x-s3/1074.parquet','s3://tpch31355--apne1-az1--x-s3/1076.parquet','s3://tpch31355--apne1-az1--x-s3/1077.parquet','s3://tpch31355--apne1-az1--x-s3/1078.parquet','s3://tpch31355--apne1-az1--x-s3/1079.parquet','s3://tpch31355--apne1-az1--x-s3/1080.parquet','s3://tpch31355--apne1-az1--x-s3/1081.parquet','s3://tpch31355--apne1-az1--x-s3/1083.parquet','s3://tpch31355--apne1-az1--x-s3/1092.parquet','s3://tpch31355--apne1-az1--x-s3/1098.parquet','s3://tpch31355--apne1-az1--x-s3/1099.parquet','s3://tpch31355--apne1-az1--x-s3/1100.parquet','s3://tpch31355--apne1-az1--x-s3/1101.parquet','s3://tpch31355--apne1-az1--x-s3/1104.parquet','s3://tpch31355--apne1-az1--x-s3/1107.parquet','s3://tpch31355--apne1-az1--x-s3/1115.parquet','s3://tpch31355--apne1-az1--x-s3/1234.parquet','s3://tpch31355--apne1-az1--x-s3/1367.parquet','s3://tpch31355--apne1-az1--x-s3/1382.parquet','s3://tpch31355--apne1-az1--x-s3/1394.parquet','s3://tpch31355--apne1-az1--x-s3/1566.parquet','s3://tpch31355--apne1-az1--x-s3/1570.parquet','s3://tpch31355--apne1-az1--x-s3/1571.parquet','s3://tpch31355--apne1-az1--x-s3/1572.parquet','s3://tpch31355--apne1-az1--x-s3/1575.parquet','s3://tpch31355--apne1-az1--x-s3/1576.parquet','s3://tpch31355--apne1-az1--x-s3/158.parquet','s3://tpch31355--apne1-az1--x-s3/1584.parquet','s3://tpch31355--apne1-az1--x-s3/1589.parquet','s3://tpch31355--apne1-az1--x-s3/1592.parquet','s3://tpch31355--apne1-az1--x-s3/1594.parquet','s3://tpch31355--apne1-az1--x-s3/1596.parquet','s3://tpch31355--apne1-az1--x-s3/1597.parquet','s3://tpch31355--apne1-az1--x-s3/1598.parquet','s3://tpch31355--apne1-az1--x-s3/160.parquet','s3://tpch31355--apne1-az1--x-s3/1600.parquet','s3://tpch31355--apne1-az1--x-s3/1616.parquet','s3://tpch31355--apne1-az1--x-s3/1618.parquet','s3://tpch31355--apne1-az1--x-s3/1629.parquet','s3://tpch31355--apne1-az1--x-s3/1631.parquet','s3://tpch31355--apne1-az1--x-s3/1632.parquet','s3://tpch31355--apne1-az1--x-s3/1642.parquet','s3://tpch31355--apne1-az1--x-s3/1643.parquet','s3://tpch31355--apne1-az1--x-s3/1645.parquet','s3://tpch31355--apne1-az1--x-s3/1646.parquet','s3://tpch31355--apne1-az1--x-s3/170.parquet','s3://tpch31355--apne1-az1--x-s3/1702.parquet','s3://tpch31355--apne1-az1--x-s3/1704.parquet','s3://tpch31355--apne1-az1--x-s3/1705.parquet','s3://tpch31355--apne1-az1--x-s3/1706.parquet','s3://tpch31355--apne1-az1--x-s3/1707.parquet','s3://tpch31355--apne1-az1--x-s3/1708.parquet','s3://tpch31355--apne1-az1--x-s3/1709.parquet','s3://tpch31355--apne1-az1--x-s3/1710.parquet','s3://tpch31355--apne1-az1--x-s3/1711.parquet','s3://tpch31355--apne1-az1--x-s3/1712.parquet','s3://tpch31355--apne1-az1--x-s3/1713.parquet','s3://tpch31355--apne1-az1--x-s3/1717.parquet','s3://tpch31355--apne1-az1--x-s3/1720.parquet','s3://tpch31355--apne1-az1--x-s3/1724.parquet','s3://tpch31355--apne1-az1--x-s3/1725.parquet','s3://tpch31355--apne1-az1--x-s3/1726.parquet','s3://tpch31355--apne1-az1--x-s3/1727.parquet','s3://tpch31355--apne1-az1--x-s3/237.parquet','s3://tpch31355--apne1-az1--x-s3/238.parquet','s3://tpch31355--apne1-az1--x-s3/259.parquet','s3://tpch31355--apne1-az1--x-s3/261.parquet','s3://tpch31355--apne1-az1--x-s3/273.parquet','s3://tpch31355--apne1-az1--x-s3/274.parquet','s3://tpch31355--apne1-az1--x-s3/278.parquet','s3://tpch31355--apne1-az1--x-s3/280.parquet','s3://tpch31355--apne1-az1--x-s3/295.parquet','s3://tpch31355--apne1-az1--x-s3/390.parquet','s3://tpch31355--apne1-az1--x-s3/394.parquet','s3://tpch31355--apne1-az1--x-s3/397.parquet','s3://tpch31355--apne1-az1--x-s3/398.parquet','s3://tpch31355--apne1-az1--x-s3/399.parquet','s3://tpch31355--apne1-az1--x-s3/400.parquet','s3://tpch31355--apne1-az1--x-s3/401.parquet','s3://tpch31355--apne1-az1--x-s3/402.parquet','s3://tpch31355--apne1-az1--x-s3/404.parquet','s3://tpch31355--apne1-az1--x-s3/405.parquet','s3://tpch31355--apne1-az1--x-s3/406.parquet','s3://tpch31355--apne1-az1--x-s3/407.parquet','s3://tpch31355--apne1-az1--x-s3/409.parquet','s3://tpch31355--apne1-az1--x-s3/410.parquet','s3://tpch31355--apne1-az1--x-s3/411.parquet','s3://tpch31355--apne1-az1--x-s3/412.parquet','s3://tpch31355--apne1-az1--x-s3/413.parquet','s3://tpch31355--apne1-az1--x-s3/417.parquet','s3://tpch31355--apne1-az1--x-s3/418.parquet','s3://tpch31355--apne1-az1--x-s3/419.parquet','s3://tpch31355--apne1-az1--x-s3/421.parquet','s3://tpch31355--apne1-az1--x-s3/422.parquet','s3://tpch31355--apne1-az1--x-s3/424.parquet','s3://tpch31355--apne1-az1--x-s3/428.parquet','s3://tpch31355--apne1-az1--x-s3/429.parquet','s3://tpch31355--apne1-az1--x-s3/430.parquet','s3://tpch31355--apne1-az1--x-s3/431.parquet','s3://tpch31355--apne1-az1--x-s3/432.parquet','s3://tpch31355--apne1-az1--x-s3/433.parquet','s3://tpch31355--apne1-az1--x-s3/434.parquet','s3://tpch31355--apne1-az1--x-s3/435.parquet','s3://tpch31355--apne1-az1--x-s3/436.parquet','s3://tpch31355--apne1-az1--x-s3/437.parquet','s3://tpch31355--apne1-az1--x-s3/438.parquet','s3://tpch31355--apne1-az1--x-s3/439.parquet','s3://tpch31355--apne1-az1--x-s3/440.parquet','s3://tpch31355--apne1-az1--x-s3/441.parquet','s3://tpch31355--apne1-az1--x-s3/442.parquet','s3://tpch31355--apne1-az1--x-s3/443.parquet','s3://tpch31355--apne1-az1--x-s3/445.parquet','s3://tpch31355--apne1-az1--x-s3/447.parquet','s3://tpch31355--apne1-az1--x-s3/448.parquet','s3://tpch31355--apne1-az1--x-s3/449.parquet','s3://tpch31355--apne1-az1--x-s3/450.parquet','s3://tpch31355--apne1-az1--x-s3/451.parquet','s3://tpch31355--apne1-az1--x-s3/455.parquet','s3://tpch31355--apne1-az1--x-s3/457.parquet','s3://tpch31355--apne1-az1--x-s3/458.parquet','s3://tpch31355--apne1-az1--x-s3/565.parquet','s3://tpch31355--apne1-az1--x-s3/577.parquet','s3://tpch31355--apne1-az1--x-s3/582.parquet','s3://tpch31355--apne1-az1--x-s3/583.parquet','s3://tpch31355--apne1-az1--x-s3/584.parquet','s3://tpch31355--apne1-az1--x-s3/586.parquet',