{
    "rows_returned": 1,
    "latency": 51.580610221,
    "result_set_size": 8,
    "cumulative_rows_scanned": 5420800000,
    "cumulative_cardinality": 339104001,
    "extra_info": {},
    "cpu_time": 472.6611789029998,
    "blocked_thread_time": 4.86,
    "query_name": "COPY (FROM read_parquet(['s3://tpch10289--apne1-az1--x-s3/1000.parquet','s3://tpch10289--apne1-az1--x-s3/1001.parquet','s3://tpch10289--apne1-az1--x-s3/1002.parquet','s3://tpch10289--apne1-az1--x-s3/1003.parquet','s3://tpch10289--apne1-az1--x-s3/1004.parquet','s3://tpch10289--apne1-az1--x-s3/1005.parquet','s3://tpch10289--apne1-az1--x-s3/1006.parquet','s3://tpch10289--apne1-az1--x-s3/1007.parquet','s3://tpch10289--apne1-az1--x-s3/1008.parquet','s3://tpch10289--apne1-az1--x-s3/1009.parquet','s3://tpch10289--apne1-az1--x-s3/1010.parquet','s3://tpch10289--apne1-az1--x-s3/1011.parquet','s3://tpch10289--apne1-az1--x-s3/1012.parquet','s3://tpch10289--apne1-az1--x-s3/1013.parquet','s3://tpch10289--apne1-az1--x-s3/1014.parquet','s3://tpch10289--apne1-az1--x-s3/1015.parquet','s3://tpch10289--apne1-az1--x-s3/1016.parquet','s3://tpch10289--apne1-az1--x-s3/1017.parquet','s3://tpch10289--apne1-az1--x-s3/1018.parquet','s3://tpch10289--apne1-az1--x-s3/1019.parquet','s3://tpch10289--apne1-az1--x-s3/1020.parquet','s3://tpch10289--apne1-az1--x-s3/1021.parquet','s3://tpch10289--apne1-az1--x-s3/1022.parquet','s3://tpch10289--apne1-az1--x-s3/1023.parquet','s3://tpch10289--apne1-az1--x-s3/1024.parquet','s3://tpch10289--apne1-az1--x-s3/1025.parquet','s3://tpch10289--apne1-az1--x-s3/1026.parquet','s3://tpch10289--apne1-az1--x-s3/1027.parquet','s3://tpch10289--apne1-az1--x-s3/1028.parquet','s3://tpch10289--apne1-az1--x-s3/1029.parquet','s3://tpch10289--apne1-az1--x-s3/1030.parquet','s3://tpch10289--apne1-az1--x-s3/1031.parquet','s3://tpch10289--apne1-az1--x-s3/1032.parquet','s3://tpch10289--apne1-az1--x-s3/1033.parquet','s3://tpch10289--apne1-az1--x-s3/1034.parquet','s3://tpch10289--apne1-az1--x-s3/1035.parquet','s3://tpch10289--apne1-az1--x-s3/1036.parquet','s3://tpch10289--apne1-az1--x-s3/1037.parquet','s3://tpch10289--apne1-az1--x-s3/1038.parquet','s3://tpch10289--apne1-az1--x-s3/1039.parquet','s3://tpch10289--apne1-az1--x-s3/1040.parquet','s3://tpch10289--apne1-az1--x-s3/1041.parquet','s3://tpch10289--apne1-az1--x-s3/1042.parquet','s3://tpch10289--apne1-az1--x-s3/1043.parquet','s3://tpch10289--apne1-az1--x-s3/1044.parquet','s3://tpch10289--apne1-az1--x-s3/1045.parquet','s3://tpch10289--apne1-az1--x-s3/1046.parquet','s3://tpch10289--apne1-az1--x-s3/1047.parquet','s3://tpch10289--apne1-az1--x-s3/1048.parquet','s3://tpch10289--apne1-az1--x-s3/1049.parquet','s3://tpch10289--apne1-az1--x-s3/1050.parquet','s3://tpch10289--apne1-az1--x-s3/1051.parquet','s3://tpch10289--apne1-az1--x-s3/1052.parquet','s3://tpch10289--apne1-az1--x-s3/1053.parquet','s3://tpch10289--apne1-az1--x-s3/1054.parquet','s3://tpch10289--apne1-az1--x-s3/1055.parquet','s3://tpch10289--apne1-az1--x-s3/1056.parquet','s3://tpch10289--apne1-az1--x-s3/1057.parquet','s3://tpch10289--apne1-az1--x-s3/1058.parquet','s3://tpch10289--apne1-az1--x-s3/1059.parquet','s3://tpch10289--apne1-az1--x-s3/1060.parquet','s3://tpch10289--apne1-az1--x-s3/1061.parquet','s3://tpch10289--apne1-az1--x-s3/1062.parquet','s3://tpch10289--apne1-az1--x-s3/1063.parquet','s3://tpch10289--apne1-az1--x-s3/213.parquet','s3://tpch10289--apne1-az1--x-s3/214.parquet','s3://tpch10289--apne1-az1--x-s3/215.parquet','s3://tpch10289--apne1-az1--x-s3/216.parquet','s3://tpch10289--apne1-az1--x-s3/217.parquet','s3://tpch10289--apne1-az1--x-s3/218.parquet','s3://tpch10289--apne1-az1--x-s3/219.parquet','s3://tpch10289--apne1-az1--x-s3/220.parquet','s3://tpch10289--apne1-az1--x-s3/221.parquet','s3://tpch10289--apne1-az1--x-s3/222.parquet','s3://tpch10289--apne1-az1--x-s3/223.parquet','s3://tpch10289--apne1-az1--x-s3/224.parquet','s3://tpch10289--apne1-az1--x-s3/225.parquet','s3://tpch10289--apne1-az1--x-s3/226.parquet','s3://tpch10289--apne1-az1--x-s3/227.parquet','s3://tpch10289--apne1-az1--x-s3/228.parquet','s3://tpch10289--apne1-az1--x-s3/229.parquet','s3://tpch10289--apne1-az1--x-s3/230.parquet','s3://tpch10289--apne1-az1--x-s3/231.parquet','s3://tpch10289--apne1-az1--x-s3/232.parquet','s3://tpch10289--apne1-az1--x-s3/233.parquet','s3://tpch10289--apne1-az1--x-s3/234.parquet','s3://tpch10289--apne1-az1--x-s3/235.parquet','s3://tpch10289--apne1-az1--x-s3/236.parquet','s3://tpch10289--apne1-az1--x-s3/237.parquet','s3://tpch10289--apne1-az1--x-s3/238.parquet','s3://tpch10289--apne1-az1--x-s3/239.parquet','s3://tpch10289--apne1-az1--x-s3/240.parquet','s3://tpch10289--apne1-az1--x-s3/241.parquet','s3://tpch10289--apne1-az1--x-s3/242.parquet','s3://tpch10289--apne1-az1--x-s3/243.parquet','s3://tpch10289--apne1-az1--x-s3/244.parquet','s3://tpch10289--apne1-az1--x-s3/245.parquet','s3://tpch10289--apne1-az1--x-s3/246.parquet','s3://tpch10289--apne1-az1--x-s3/247.parquet','s3://tpch10289--apne1-az1--x-s3/248.parquet','s3://tpch10289--apne1-az1--x-s3/249.parquet','s3://tpch10289--apne1-az1--x-s3/250.parquet','s3://tpch10289--apne1-az1--x-s3/251.parquet','s3://tpch10289--apne1-az1--x-s3/252.parquet','s3://tpch10289--apne1-az1--x-s3/253.parquet','s3://tpch10289--apne1-az1--x-s3/254.parquet','s3://tpch10289--apne1-az1--x-s3/255.parquet','s3://tpch10289--apne1-az1--x-s3/256.parquet','s3://tpch10289--apne1-az1--x-s3/257.parquet','s3://tpch10289--apne1-az1--x-s3/258.parquet','s3://tpch10289--apne1-az1--x-s3/259.parquet','s3://tpch10289--apne1-az1--x-s3/260.parquet','s3://tpch10289--apne1-az1--x-s3/261.parquet','s3://tpch10289--apne1-az1--x-s3/262.parquet','s3://tpch10289--apne1-az1--x-s3/263.parquet','s3://tpch10289--apne1-az1--x-s3/264.parquet','s3://tpch10289--apne1-az1--x-s3/265.parquet','s3://tpch10289--apne1-az1--x-s3/266.parquet','s3://tpch10289--apne1-az1--x-s3/267.parquet','s3://tpch10289--apne1-az1--x-s3/268.parquet','s3://tpch10289--apne1-az1--x-s3/269.parquet','s3://tpch10289--apne1-az1--x-s3/270.parquet','s3://tpch10289--apne1-az1--x-s3/271.parquet','s3://tpch10289--apne1-az1--x-s3/272.parquet','s3://tpch10289--apne1-az1--x-s3/273.parquet','s3://tpch10289--apne1-az1--x-s3/274.parquet','s3://tpch10289--apne1-az1--x-s3/275.parquet','s3://tpch10289--apne1-az1--x-s3/276.parquet','s3://tpch10289--apne1-az1--x-s3/277.parquet','s3://tpch10289--apne1-az1--x-s3/278.parquet','s3://tpch10289--apne1-az1--x-s3/279.parquet','s3://tpch10289--apne1-az1--x-s3/280.parquet','s3://tpch10289--apne1-az1--x-s3/281.parquet','s3://tpch10289--apne1-az1--x-s3/282.parquet','s3://tpch10289--apne1-az1--x-s3/286.parquet','s3://tpch10289--apne1-az1--x-s3/291.parquet','s3://tpch10289--apne1-az1--x-s3/296.parquet','s3://tpch10289--apne1-az1--x-s3/301.parquet','s3://tpch10289--apne1-az1--x-s3/306.parquet','s3://tpch10289--apne1-az1--x-s3/308.parquet','s3://tpch10289--apne1-az1--x-s3/311.parquet','s3://tpch10289--apne1-az1--x-s3/312.parquet','s3://tpch10289--apne1-az1--x-s3/322.parquet','s3://tpch10289--apne1-az1--x-s3/326.parquet','s3://tpch10289--apne1-az1--x-s3/327.parquet','s3://tpch10289--apne1-az1--x-s3/328.parquet','s3://tpch10289--apne1-az1--x-s3/331.parquet','s3://tpch10289--apne1-az1--x-s3/333.parquet','s3://tpch10289--apne1-az1--x-s3/335.parquet','s3://tpch10289--apne1-az1--x-s3/337.parquet','s3://tpch10289--apne1-az1--x-s3/343.parquet','s3://tpch10289--apne1-az1--x-s3/344.parquet','s3://tpch10289--apne1-az1--x-s3/347.parquet','s3://tpch10289--apne1-az1--x-s3/353.parquet','s3://tpch10289--apne1-az1--x-s3/855.parquet','s3://tpch10289--apne1-az1--x-s3/860.parquet','s3://tpch10289--apne1-az1--x-s3/923.parquet','s3://tpch10289--apne1-az1--x-s3/924.parquet','s3://tpch10289--apne1-az1--x-s3/926.parquet','s3://tpch10289--apne1-az1--x-s3/927.parquet','s3://tpch10289--apne1-az1--x-s3/929.parquet','s3://tpch10289--apne1-az1--x-s3/930.parquet','s3://tpch10289--apne1-az1--x-s3/931.parquet','s3://tpch10289--apne1-az1--x-s3/935.parquet','s3://tpch10289--apne1-az1--x-s3/936.parquet','s3://tpch10289--apne1-az1--x-s3/938.parquet',