{
    "rows_returned": 1,
    "latency": 53.234042609,
    "result_set_size": 8,
    "cumulative_rows_scanned": 5420800000,
    "cumulative_cardinality": 338964001,
    "extra_info": {},
    "cpu_time": 501.2044403499999,
    "blocked_thread_time": 4.88,
    "query_name": "COPY (FROM read_parquet(['s3://tpch28764--apne1-az1--x-s3/1704.parquet','s3://tpch28764--apne1-az1--x-s3/1705.parquet','s3://tpch28764--apne1-az1--x-s3/1706.parquet','s3://tpch28764--apne1-az1--x-s3/1707.parquet','s3://tpch28764--apne1-az1--x-s3/1708.parquet','s3://tpch28764--apne1-az1--x-s3/1709.parquet','s3://tpch28764--apne1-az1--x-s3/1710.parquet','s3://tpch28764--apne1-az1--x-s3/1711.parquet','s3://tpch28764--apne1-az1--x-s3/1712.parquet','s3://tpch28764--apne1-az1--x-s3/1713.parquet','s3://tpch28764--apne1-az1--x-s3/1714.parquet','s3://tpch28764--apne1-az1--x-s3/1715.parquet','s3://tpch28764--apne1-az1--x-s3/1716.parquet','s3://tpch28764--apne1-az1--x-s3/1717.parquet','s3://tpch28764--apne1-az1--x-s3/1718.parquet','s3://tpch28764--apne1-az1--x-s3/1719.parquet','s3://tpch28764--apne1-az1--x-s3/1720.parquet','s3://tpch28764--apne1-az1--x-s3/1721.parquet','s3://tpch28764--apne1-az1--x-s3/1722.parquet','s3://tpch28764--apne1-az1--x-s3/1723.parquet','s3://tpch28764--apne1-az1--x-s3/1724.parquet','s3://tpch28764--apne1-az1--x-s3/1725.parquet','s3://tpch28764--apne1-az1--x-s3/1726.parquet','s3://tpch28764--apne1-az1--x-s3/1727.parquet','s3://tpch28764--apne1-az1--x-s3/1728.parquet','s3://tpch28764--apne1-az1--x-s3/1729.parquet','s3://tpch28764--apne1-az1--x-s3/1730.parquet','s3://tpch28764--apne1-az1--x-s3/1731.parquet','s3://tpch28764--apne1-az1--x-s3/1732.parquet','s3://tpch28764--apne1-az1--x-s3/1733.parquet','s3://tpch28764--apne1-az1--x-s3/1734.parquet','s3://tpch28764--apne1-az1--x-s3/1735.parquet','s3://tpch28764--apne1-az1--x-s3/1736.parquet','s3://tpch28764--apne1-az1--x-s3/1737.parquet','s3://tpch28764--apne1-az1--x-s3/1738.parquet','s3://tpch28764--apne1-az1--x-s3/1739.parquet','s3://tpch28764--apne1-az1--x-s3/1740.parquet','s3://tpch28764--apne1-az1--x-s3/1741.parquet','s3://tpch28764--apne1-az1--x-s3/1742.parquet','s3://tpch28764--apne1-az1--x-s3/1743.parquet','s3://tpch28764--apne1-az1--x-s3/1744.parquet','s3://tpch28764--apne1-az1--x-s3/1745.parquet','s3://tpch28764--apne1-az1--x-s3/1746.parquet','s3://tpch28764--apne1-az1--x-s3/1747.parquet','s3://tpch28764--apne1-az1--x-s3/1748.parquet','s3://tpch28764--apne1-az1--x-s3/1749.parquet','s3://tpch28764--apne1-az1--x-s3/1750.parquet','s3://tpch28764--apne1-az1--x-s3/1751.parquet','s3://tpch28764--apne1-az1--x-s3/1752.parquet','s3://tpch28764--apne1-az1--x-s3/1753.parquet','s3://tpch28764--apne1-az1--x-s3/1754.parquet','s3://tpch28764--apne1-az1--x-s3/1755.parquet','s3://tpch28764--apne1-az1--x-s3/1756.parquet','s3://tpch28764--apne1-az1--x-s3/1757.parquet','s3://tpch28764--apne1-az1--x-s3/1758.parquet','s3://tpch28764--apne1-az1--x-s3/1759.parquet','s3://tpch28764--apne1-az1--x-s3/1760.parquet','s3://tpch28764--apne1-az1--x-s3/1761.parquet','s3://tpch28764--apne1-az1--x-s3/1762.parquet','s3://tpch28764--apne1-az1--x-s3/1763.parquet','s3://tpch28764--apne1-az1--x-s3/1764.parquet','s3://tpch28764--apne1-az1--x-s3/1765.parquet','s3://tpch28764--apne1-az1--x-s3/1766.parquet','s3://tpch28764--apne1-az1--x-s3/1767.parquet','s3://tpch28764--apne1-az1--x-s3/1768.parquet','s3://tpch28764--apne1-az1--x-s3/1769.parquet','s3://tpch28764--apne1-az1--x-s3/1770.parquet','s3://tpch28764--apne1-az1--x-s3/1771.parquet','s3://tpch28764--apne1-az1--x-s3/1772.parquet','s3://tpch28764--apne1-az1--x-s3/1773.parquet','s3://tpch28764--apne1-az1--x-s3/1775.parquet','s3://tpch28764--apne1-az1--x-s3/1776.parquet','s3://tpch28764--apne1-az1--x-s3/1777.parquet','s3://tpch28764--apne1-az1--x-s3/1778.parquet','s3://tpch28764--apne1-az1--x-s3/1779.parquet','s3://tpch28764--apne1-az1--x-s3/1780.parquet','s3://tpch28764--apne1-az1--x-s3/1781.parquet','s3://tpch28764--apne1-az1--x-s3/1782.parquet','s3://tpch28764--apne1-az1--x-s3/1783.parquet','s3://tpch28764--apne1-az1--x-s3/1784.parquet','s3://tpch28764--apne1-az1--x-s3/1785.parquet','s3://tpch28764--apne1-az1--x-s3/1786.parquet','s3://tpch28764--apne1-az1--x-s3/1787.parquet','s3://tpch28764--apne1-az1--x-s3/1788.parquet','s3://tpch28764--apne1-az1--x-s3/1789.parquet','s3://tpch28764--apne1-az1--x-s3/1790.parquet','s3://tpch28764--apne1-az1--x-s3/1791.parquet','s3://tpch28764--apne1-az1--x-s3/1792.parquet','s3://tpch28764--apne1-az1--x-s3/1793.parquet','s3://tpch28764--apne1-az1--x-s3/1794.parquet','s3://tpch28764--apne1-az1--x-s3/1795.parquet','s3://tpch28764--apne1-az1--x-s3/1796.parquet','s3://tpch28764--apne1-az1--x-s3/1797.parquet','s3://tpch28764--apne1-az1--x-s3/1798.parquet','s3://tpch28764--apne1-az1--x-s3/1799.parquet','s3://tpch28764--apne1-az1--x-s3/1800.parquet','s3://tpch28764--apne1-az1--x-s3/1801.parquet','s3://tpch28764--apne1-az1--x-s3/1802.parquet','s3://tpch28764--apne1-az1--x-s3/1803.parquet','s3://tpch28764--apne1-az1--x-s3/1804.parquet','s3://tpch28764--apne1-az1--x-s3/1805.parquet','s3://tpch28764--apne1-az1--x-s3/1806.parquet','s3://tpch28764--apne1-az1--x-s3/1807.parquet','s3://tpch28764--apne1-az1--x-s3/1808.parquet','s3://tpch28764--apne1-az1--x-s3/1809.parquet','s3://tpch28764--apne1-az1--x-s3/1810.parquet','s3://tpch28764--apne1-az1--x-s3/1811.parquet','s3://tpch28764--apne1-az1--x-s3/1812.parquet','s3://tpch28764--apne1-az1--x-s3/1813.parquet','s3://tpch28764--apne1-az1--x-s3/1814.parquet','s3://tpch28764--apne1-az1--x-s3/1815.parquet','s3://tpch28764--apne1-az1--x-s3/1816.parquet','s3://tpch28764--apne1-az1--x-s3/1817.parquet','s3://tpch28764--apne1-az1--x-s3/1818.parquet','s3://tpch28764--apne1-az1--x-s3/1819.parquet','s3://tpch28764--apne1-az1--x-s3/1820.parquet','s3://tpch28764--apne1-az1--x-s3/1821.parquet','s3://tpch28764--apne1-az1--x-s3/1822.parquet','s3://tpch28764--apne1-az1--x-s3/1823.parquet','s3://tpch28764--apne1-az1--x-s3/1824.parquet','s3://tpch28764--apne1-az1--x-s3/1825.parquet','s3://tpch28764--apne1-az1--x-s3/1826.parquet','s3://tpch28764--apne1-az1--x-s3/1827.parquet','s3://tpch28764--apne1-az1--x-s3/1828.parquet','s3://tpch28764--apne1-az1--x-s3/1829.parquet','s3://tpch28764--apne1-az1--x-s3/1830.parquet','s3://tpch28764--apne1-az1--x-s3/1831.parquet','s3://tpch28764--apne1-az1--x-s3/1832.parquet','s3://tpch28764--apne1-az1--x-s3/1833.parquet','s3://tpch28764--apne1-az1--x-s3/1834.parquet','s3://tpch28764--apne1-az1--x-s3/1835.parquet','s3://tpch28764--apne1-az1--x-s3/1836.parquet','s3://tpch28764--apne1-az1--x-s3/1837.parquet','s3://tpch28764--apne1-az1--x-s3/1838.parquet','s3://tpch28764--apne1-az1--x-s3/1839.parquet','s3://tpch28764--apne1-az1--x-s3/1840.parquet','s3://tpch28764--apne1-az1--x-s3/1841.parquet','s3://tpch28764--apne1-az1--x-s3/1842.parquet','s3://tpch28764--apne1-az1--x-s3/1843.parquet','s3://tpch28764--apne1-az1--x-s3/1844.parquet','s3://tpch28764--apne1-az1--x-s3/1846.parquet','s3://tpch28764--apne1-az1--x-s3/1848.parquet','s3://tpch28764--apne1-az1--x-s3/1849.parquet','s3://tpch28764--apne1-az1--x-s3/1850.parquet','s3://tpch28764--apne1-az1--x-s3/1851.parquet','s3://tpch28764--apne1-az1--x-s3/1852.parquet','s3://tpch28764--apne1-az1--x-s3/1853.parquet','s3://tpch28764--apne1-az1--x-s3/1854.parquet','s3://tpch28764--apne1-az1--x-s3/1855.parquet','s3://tpch28764--apne1-az1--x-s3/1856.parquet','s3://tpch28764--apne1-az1--x-s3/1857.parquet','s3://tpch28764--apne1-az1--x-s3/1858.parquet','s3://tpch28764--apne1-az1--x-s3/1859.parquet','s3://tpch28764--apne1-az1--x-s3/1860.parquet','s3://tpch28764--apne1-az1--x-s3/1861.parquet','s3://tpch28764--apne1-az1--x-s3/1862.parquet','s3://tpch28764--apne1-az1--x-s3/1863.parquet','s3://tpch28764--apne1-az1--x-s3/1864.parquet','s3://tpch28764--apne1-az1--x-s3/1865.parquet','s3://tpch28764--apne1-az1--x-s3/1866.parquet','s3://tpch28764--apne1-az1--x-s3/1868.parquet','s3://tpch28764--apne1-az1--x-s3/1869.parquet','s3://tpch28764--apne1-az1--x-s3/1870.parquet',