{
    "rows_returned": 1,
    "latency": 49.130464732,
    "result_set_size": 8,
    "cumulative_rows_scanned": 5305600000,
    "cumulative_cardinality": 332114425,
    "extra_info": {},
    "cpu_time": 447.1571461890002,
    "blocked_thread_time": 4.38,
    "query_name": "COPY (FROM read_parquet(['s3://tpch31355--apne1-az1--x-s3/-54.parquet','s3://tpch31355--apne1-az1--x-s3/-60.parquet','s3://tpch31355--apne1-az1--x-s3/1003.parquet','s3://tpch31355--apne1-az1--x-s3/1005.parquet','s3://tpch31355--apne1-az1--x-s3/1006.parquet','s3://tpch31355--apne1-az1--x-s3/1008.parquet','s3://tpch31355--apne1-az1--x-s3/1010.parquet','s3://tpch31355--apne1-az1--x-s3/1012.parquet','s3://tpch31355--apne1-az1--x-s3/1014.parquet','s3://tpch31355--apne1-az1--x-s3/1018.parquet','s3://tpch31355--apne1-az1--x-s3/1020.parquet','s3://tpch31355--apne1-az1--x-s3/1025.parquet','s3://tpch31355--apne1-az1--x-s3/1026.parquet','s3://tpch31355--apne1-az1--x-s3/1027.parquet','s3://tpch31355--apne1-az1--x-s3/1028.parquet','s3://tpch31355--apne1-az1--x-s3/1031.parquet','s3://tpch31355--apne1-az1--x-s3/1033.parquet','s3://tpch31355--apne1-az1--x-s3/1035.parquet','s3://tpch31355--apne1-az1--x-s3/1037.parquet','s3://tpch31355--apne1-az1--x-s3/1039.parquet','s3://tpch31355--apne1-az1--x-s3/1043.parquet','s3://tpch31355--apne1-az1--x-s3/1047.parquet','s3://tpch31355--apne1-az1--x-s3/1051.parquet','s3://tpch31355--apne1-az1--x-s3/1055.parquet','s3://tpch31355--apne1-az1--x-s3/1057.parquet','s3://tpch31355--apne1-az1--x-s3/1059.parquet','s3://tpch31355--apne1-az1--x-s3/1060.parquet','s3://tpch31355--apne1-az1--x-s3/1062.parquet','s3://tpch31355--apne1-az1--x-s3/1063.parquet','s3://tpch31355--apne1-az1--x-s3/1066.parquet','s3://tpch31355--apne1-az1--x-s3/1067.parquet','s3://tpch31355--apne1-az1--x-s3/1073.parquet','s3://tpch31355--apne1-az1--x-s3/1080.parquet','s3://tpch31355--apne1-az1--x-s3/1081.parquet','s3://tpch31355--apne1-az1--x-s3/1084.parquet','s3://tpch31355--apne1-az1--x-s3/1085.parquet','s3://tpch31355--apne1-az1--x-s3/1087.parquet','s3://tpch31355--apne1-az1--x-s3/1097.parquet','s3://tpch31355--apne1-az1--x-s3/1098.parquet','s3://tpch31355--apne1-az1--x-s3/1102.parquet','s3://tpch31355--apne1-az1--x-s3/1218.parquet','s3://tpch31355--apne1-az1--x-s3/1361.parquet','s3://tpch31355--apne1-az1--x-s3/1407.parquet','s3://tpch31355--apne1-az1--x-s3/1659.parquet','s3://tpch31355--apne1-az1--x-s3/172.parquet','s3://tpch31355--apne1-az1--x-s3/1738.parquet','s3://tpch31355--apne1-az1--x-s3/1988.parquet','s3://tpch31355--apne1-az1--x-s3/1989.parquet','s3://tpch31355--apne1-az1--x-s3/1990.parquet','s3://tpch31355--apne1-az1--x-s3/1991.parquet','s3://tpch31355--apne1-az1--x-s3/1992.parquet','s3://tpch31355--apne1-az1--x-s3/1993.parquet','s3://tpch31355--apne1-az1--x-s3/1994.parquet','s3://tpch31355--apne1-az1--x-s3/1995.parquet','s3://tpch31355--apne1-az1--x-s3/1996.parquet','s3://tpch31355--apne1-az1--x-s3/1997.parquet','s3://tpch31355--apne1-az1--x-s3/1998.parquet','s3://tpch31355--apne1-az1--x-s3/1999.parquet','s3://tpch31355--apne1-az1--x-s3/2000.parquet','s3://tpch31355--apne1-az1--x-s3/2001.parquet','s3://tpch31355--apne1-az1--x-s3/2002.parquet','s3://tpch31355--apne1-az1--x-s3/2003.parquet','s3://tpch31355--apne1-az1--x-s3/2004.parquet','s3://tpch31355--apne1-az1--x-s3/2005.parquet','s3://tpch31355--apne1-az1--x-s3/2006.parquet','s3://tpch31355--apne1-az1--x-s3/2007.parquet','s3://tpch31355--apne1-az1--x-s3/2008.parquet','s3://tpch31355--apne1-az1--x-s3/2009.parquet','s3://tpch31355--apne1-az1--x-s3/2010.parquet','s3://tpch31355--apne1-az1--x-s3/2011.parquet','s3://tpch31355--apne1-az1--x-s3/2012.parquet','s3://tpch31355--apne1-az1--x-s3/2013.parquet','s3://tpch31355--apne1-az1--x-s3/2014.parquet','s3://tpch31355--apne1-az1--x-s3/2015.parquet','s3://tpch31355--apne1-az1--x-s3/2016.parquet','s3://tpch31355--apne1-az1--x-s3/2017.parquet','s3://tpch31355--apne1-az1--x-s3/2018.parquet','s3://tpch31355--apne1-az1--x-s3/2019.parquet','s3://tpch31355--apne1-az1--x-s3/2020.parquet','s3://tpch31355--apne1-az1--x-s3/2021.parquet','s3://tpch31355--apne1-az1--x-s3/2022.parquet','s3://tpch31355--apne1-az1--x-s3/2023.parquet','s3://tpch31355--apne1-az1--x-s3/2024.parquet','s3://tpch31355--apne1-az1--x-s3/2025.parquet','s3://tpch31355--apne1-az1--x-s3/2026.parquet','s3://tpch31355--apne1-az1--x-s3/2027.parquet','s3://tpch31355--apne1-az1--x-s3/2028.parquet','s3://tpch31355--apne1-az1--x-s3/2029.parquet','s3://tpch31355--apne1-az1--x-s3/2030.parquet','s3://tpch31355--apne1-az1--x-s3/2031.parquet','s3://tpch31355--apne1-az1--x-s3/2032.parquet','s3://tpch31355--apne1-az1--x-s3/2033.parquet','s3://tpch31355--apne1-az1--x-s3/2034.parquet','s3://tpch31355--apne1-az1--x-s3/2035.parquet','s3://tpch31355--apne1-az1--x-s3/2036.parquet','s3://tpch31355--apne1-az1--x-s3/2037.parquet','s3://tpch31355--apne1-az1--x-s3/2038.parquet','s3://tpch31355--apne1-az1--x-s3/2039.parquet','s3://tpch31355--apne1-az1--x-s3/2040.parquet','s3://tpch31355--apne1-az1--x-s3/2041.parquet','s3://tpch31355--apne1-az1--x-s3/2042.parquet','s3://tpch31355--apne1-az1--x-s3/2043.parquet','s3://tpch31355--apne1-az1--x-s3/2044.parquet','s3://tpch31355--apne1-az1--x-s3/2045.parquet','s3://tpch31355--apne1-az1--x-s3/2046.parquet','s3://tpch31355--apne1-az1--x-s3/2047.parquet','s3://tpch31355--apne1-az1--x-s3/2048.parquet','s3://tpch31355--apne1-az1--x-s3/2049.parquet','s3://tpch31355--apne1-az1--x-s3/2050.parquet','s3://tpch31355--apne1-az1--x-s3/2051.parquet','s3://tpch31355--apne1-az1--x-s3/2052.parquet','s3://tpch31355--apne1-az1--x-s3/2053.parquet','s3://tpch31355--apne1-az1--x-s3/2054.parquet','s3://tpch31355--apne1-az1--x-s3/2055.parquet','s3://tpch31355--apne1-az1--x-s3/2056.parquet','s3://tpch31355--apne1-az1--x-s3/2057.parquet','s3://tpch31355--apne1-az1--x-s3/2058.parquet','s3://tpch31355--apne1-az1--x-s3/271.parquet','s3://tpch31355--apne1-az1--x-s3/272.parquet','s3://tpch31355--apne1-az1--x-s3/280.parquet','s3://tpch31355--apne1-az1--x-s3/281.parquet','s3://tpch31355--apne1-az1--x-s3/282.parquet','s3://tpch31355--apne1-az1--x-s3/285.parquet','s3://tpch31355--apne1-az1--x-s3/297.parquet','s3://tpch31355--apne1-az1--x-s3/298.parquet','s3://tpch31355--apne1-az1--x-s3/390.parquet','s3://tpch31355--apne1-az1--x-s3/395.parquet','s3://tpch31355--apne1-az1--x-s3/397.parquet','s3://tpch31355--apne1-az1--x-s3/402.parquet','s3://tpch31355--apne1-az1--x-s3/409.parquet','s3://tpch31355--apne1-az1--x-s3/410.parquet','s3://tpch31355--apne1-az1--x-s3/411.parquet','s3://tpch31355--apne1-az1--x-s3/412.parquet','s3://tpch31355--apne1-az1--x-s3/413.parquet','s3://tpch31355--apne1-az1--x-s3/417.parquet','s3://tpch31355--apne1-az1--x-s3/418.parquet','s3://tpch31355--apne1-az1--x-s3/421.parquet','s3://tpch31355--apne1-az1--x-s3/422.parquet','s3://tpch31355--apne1-az1--x-s3/424.parquet','s3://tpch31355--apne1-az1--x-s3/428.parquet','s3://tpch31355--apne1-az1--x-s3/430.parquet','s3://tpch31355--apne1-az1--x-s3/431.parquet','s3://tpch31355--apne1-az1--x-s3/433.parquet','s3://tpch31355--apne1-az1--x-s3/434.parquet','s3://tpch31355--apne1-az1--x-s3/435.parquet','s3://tpch31355--apne1-az1--x-s3/436.parquet','s3://tpch31355--apne1-az1--x-s3/437.parquet','s3://tpch31355--apne1-az1--x-s3/438.parquet','s3://tpch31355--apne1-az1--x-s3/439.parquet','s3://tpch31355--apne1-az1--x-s3/440.parquet','s3://tpch31355--apne1-az1--x-s3/441.parquet','s3://tpch31355--apne1-az1--x-s3/442.parquet','s3://tpch31355--apne1-az1--x-s3/443.parquet','s3://tpch31355--apne1-az1--x-s3/444.parquet','s3://tpch31355--apne1-az1--x-s3/445.parquet','s3://tpch31355--apne1-az1--x-s3/447.parquet','s3://tpch31355--apne1-az1--x-s3/448.parquet','s3://tpch31355--apne1-az1--x-s3/449.parquet','s3://tpch31355--apne1-az1--x-s3/450.parquet','s3://tpch31355--apne1-az1--x-s3/451.parquet','s3://tpch31355--apne1-az1--x-s3/455.parquet','s3://tpch31355--apne1-az1--x-s3/456.parquet','s3://tpch31355--apne1-az1--x-s3/457.parquet','s3://tpch31355--apne1-az1--x-s3/458.parquet',