{
    "rows_returned": 1,
    "latency": 48.280165347,
    "result_set_size": 8,
    "cumulative_rows_scanned": 2873600000,
    "cumulative_cardinality": 328602001,
    "extra_info": {},
    "cpu_time": 439.16721987399967,
    "blocked_thread_time": 4.22,
    "query_name": "COPY (FROM read_parquet(['s3://tpch31355--apne1-az1--x-s3/-54.parquet','s3://tpch31355--apne1-az1--x-s3/1001.parquet','s3://tpch31355--apne1-az1--x-s3/1005.parquet','s3://tpch31355--apne1-az1--x-s3/1006.parquet','s3://tpch31355--apne1-az1--x-s3/1007.parquet','s3://tpch31355--apne1-az1--x-s3/1008.parquet','s3://tpch31355--apne1-az1--x-s3/1009.parquet','s3://tpch31355--apne1-az1--x-s3/1010.parquet','s3://tpch31355--apne1-az1--x-s3/1012.parquet','s3://tpch31355--apne1-az1--x-s3/1013.parquet','s3://tpch31355--apne1-az1--x-s3/1014.parquet','s3://tpch31355--apne1-az1--x-s3/1016.parquet','s3://tpch31355--apne1-az1--x-s3/1018.parquet','s3://tpch31355--apne1-az1--x-s3/1020.parquet','s3://tpch31355--apne1-az1--x-s3/1023.parquet','s3://tpch31355--apne1-az1--x-s3/1025.parquet','s3://tpch31355--apne1-az1--x-s3/1026.parquet','s3://tpch31355--apne1-az1--x-s3/1028.parquet','s3://tpch31355--apne1-az1--x-s3/1032.parquet','s3://tpch31355--apne1-az1--x-s3/1033.parquet','s3://tpch31355--apne1-az1--x-s3/1034.parquet','s3://tpch31355--apne1-az1--x-s3/1035.parquet','s3://tpch31355--apne1-az1--x-s3/1036.parquet','s3://tpch31355--apne1-az1--x-s3/1037.parquet','s3://tpch31355--apne1-az1--x-s3/1038.parquet','s3://tpch31355--apne1-az1--x-s3/1039.parquet','s3://tpch31355--apne1-az1--x-s3/1040.parquet','s3://tpch31355--apne1-az1--x-s3/1043.parquet','s3://tpch31355--apne1-az1--x-s3/1044.parquet','s3://tpch31355--apne1-az1--x-s3/1046.parquet','s3://tpch31355--apne1-az1--x-s3/1047.parquet','s3://tpch31355--apne1-az1--x-s3/1049.parquet','s3://tpch31355--apne1-az1--x-s3/1050.parquet','s3://tpch31355--apne1-az1--x-s3/1051.parquet','s3://tpch31355--apne1-az1--x-s3/1052.parquet','s3://tpch31355--apne1-az1--x-s3/1053.parquet','s3://tpch31355--apne1-az1--x-s3/1055.parquet','s3://tpch31355--apne1-az1--x-s3/1056.parquet','s3://tpch31355--apne1-az1--x-s3/1058.parquet','s3://tpch31355--apne1-az1--x-s3/1059.parquet','s3://tpch31355--apne1-az1--x-s3/1062.parquet','s3://tpch31355--apne1-az1--x-s3/1063.parquet','s3://tpch31355--apne1-az1--x-s3/1066.parquet','s3://tpch31355--apne1-az1--x-s3/1068.parquet','s3://tpch31355--apne1-az1--x-s3/1071.parquet','s3://tpch31355--apne1-az1--x-s3/1073.parquet','s3://tpch31355--apne1-az1--x-s3/1074.parquet','s3://tpch31355--apne1-az1--x-s3/1076.parquet','s3://tpch31355--apne1-az1--x-s3/1077.parquet','s3://tpch31355--apne1-az1--x-s3/1078.parquet','s3://tpch31355--apne1-az1--x-s3/1079.parquet','s3://tpch31355--apne1-az1--x-s3/1080.parquet','s3://tpch31355--apne1-az1--x-s3/1081.parquet','s3://tpch31355--apne1-az1--x-s3/1083.parquet','s3://tpch31355--apne1-az1--x-s3/1085.parquet','s3://tpch31355--apne1-az1--x-s3/1088.parquet','s3://tpch31355--apne1-az1--x-s3/1092.parquet','s3://tpch31355--apne1-az1--x-s3/1093.parquet','s3://tpch31355--apne1-az1--x-s3/1098.parquet','s3://tpch31355--apne1-az1--x-s3/1099.parquet','s3://tpch31355--apne1-az1--x-s3/1100.parquet','s3://tpch31355--apne1-az1--x-s3/1101.parquet','s3://tpch31355--apne1-az1--x-s3/1103.parquet','s3://tpch31355--apne1-az1--x-s3/1106.parquet','s3://tpch31355--apne1-az1--x-s3/1114.parquet','s3://tpch31355--apne1-az1--x-s3/1234.parquet','s3://tpch31355--apne1-az1--x-s3/1327.parquet','s3://tpch31355--apne1-az1--x-s3/1392.parquet','s3://tpch31355--apne1-az1--x-s3/1570.parquet','s3://tpch31355--apne1-az1--x-s3/1571.parquet','s3://tpch31355--apne1-az1--x-s3/1572.parquet','s3://tpch31355--apne1-az1--x-s3/1575.parquet','s3://tpch31355--apne1-az1--x-s3/1577.parquet','s3://tpch31355--apne1-az1--x-s3/158.parquet','s3://tpch31355--apne1-az1--x-s3/1580.parquet','s3://tpch31355--apne1-az1--x-s3/1582.parquet','s3://tpch31355--apne1-az1--x-s3/1583.parquet','s3://tpch31355--apne1-az1--x-s3/1584.parquet','s3://tpch31355--apne1-az1--x-s3/1602.parquet','s3://tpch31355--apne1-az1--x-s3/1604.parquet','s3://tpch31355--apne1-az1--x-s3/1628.parquet','s3://tpch31355--apne1-az1--x-s3/1638.parquet','s3://tpch31355--apne1-az1--x-s3/1642.parquet','s3://tpch31355--apne1-az1--x-s3/1648.parquet','s3://tpch31355--apne1-az1--x-s3/168.parquet','s3://tpch31355--apne1-az1--x-s3/1705.parquet','s3://tpch31355--apne1-az1--x-s3/1708.parquet','s3://tpch31355--apne1-az1--x-s3/1709.parquet','s3://tpch31355--apne1-az1--x-s3/1711.parquet','s3://tpch31355--apne1-az1--x-s3/1717.parquet','s3://tpch31355--apne1-az1--x-s3/1725.parquet','s3://tpch31355--apne1-az1--x-s3/236.parquet','s3://tpch31355--apne1-az1--x-s3/243.parquet','s3://tpch31355--apne1-az1--x-s3/247.parquet','s3://tpch31355--apne1-az1--x-s3/255.parquet','s3://tpch31355--apne1-az1--x-s3/272.parquet','s3://tpch31355--apne1-az1--x-s3/273.parquet','s3://tpch31355--apne1-az1--x-s3/274.parquet','s3://tpch31355--apne1-az1--x-s3/275.parquet','s3://tpch31355--apne1-az1--x-s3/278.parquet','s3://tpch31355--apne1-az1--x-s3/280.parquet','s3://tpch31355--apne1-az1--x-s3/295.parquet','s3://tpch31355--apne1-az1--x-s3/397.parquet','s3://tpch31355--apne1-az1--x-s3/398.parquet','s3://tpch31355--apne1-az1--x-s3/399.parquet','s3://tpch31355--apne1-az1--x-s3/400.parquet','s3://tpch31355--apne1-az1--x-s3/402.parquet','s3://tpch31355--apne1-az1--x-s3/404.parquet','s3://tpch31355--apne1-az1--x-s3/405.parquet','s3://tpch31355--apne1-az1--x-s3/406.parquet','s3://tpch31355--apne1-az1--x-s3/407.parquet','s3://tpch31355--apne1-az1--x-s3/409.parquet','s3://tpch31355--apne1-az1--x-s3/410.parquet','s3://tpch31355--apne1-az1--x-s3/411.parquet','s3://tpch31355--apne1-az1--x-s3/412.parquet','s3://tpch31355--apne1-az1--x-s3/413.parquet','s3://tpch31355--apne1-az1--x-s3/417.parquet','s3://tpch31355--apne1-az1--x-s3/418.parquet','s3://tpch31355--apne1-az1--x-s3/419.parquet','s3://tpch31355--apne1-az1--x-s3/421.parquet','s3://tpch31355--apne1-az1--x-s3/422.parquet','s3://tpch31355--apne1-az1--x-s3/424.parquet','s3://tpch31355--apne1-az1--x-s3/428.parquet','s3://tpch31355--apne1-az1--x-s3/429.parquet','s3://tpch31355--apne1-az1--x-s3/430.parquet','s3://tpch31355--apne1-az1--x-s3/431.parquet','s3://tpch31355--apne1-az1--x-s3/432.parquet','s3://tpch31355--apne1-az1--x-s3/433.parquet','s3://tpch31355--apne1-az1--x-s3/434.parquet','s3://tpch31355--apne1-az1--x-s3/435.parquet','s3://tpch31355--apne1-az1--x-s3/436.parquet','s3://tpch31355--apne1-az1--x-s3/437.parquet','s3://tpch31355--apne1-az1--x-s3/438.parquet','s3://tpch31355--apne1-az1--x-s3/439.parquet','s3://tpch31355--apne1-az1--x-s3/440.parquet','s3://tpch31355--apne1-az1--x-s3/441.parquet','s3://tpch31355--apne1-az1--x-s3/442.parquet','s3://tpch31355--apne1-az1--x-s3/443.parquet','s3://tpch31355--apne1-az1--x-s3/444.parquet','s3://tpch31355--apne1-az1--x-s3/445.parquet','s3://tpch31355--apne1-az1--x-s3/447.parquet','s3://tpch31355--apne1-az1--x-s3/448.parquet','s3://tpch31355--apne1-az1--x-s3/449.parquet','s3://tpch31355--apne1-az1--x-s3/450.parquet','s3://tpch31355--apne1-az1--x-s3/451.parquet','s3://tpch31355--apne1-az1--x-s3/455.parquet','s3://tpch31355--apne1-az1--x-s3/456.parquet','s3://tpch31355--apne1-az1--x-s3/457.parquet','s3://tpch31355--apne1-az1--x-s3/458.parquet','s3://tpch31355--apne1-az1--x-s3/565.parquet','s3://tpch31355--apne1-az1--x-s3/577.parquet','s3://tpch31355--apne1-az1--x-s3/580.parquet','s3://tpch31355--apne1-az1--x-s3/582.parquet','s3://tpch31355--apne1-az1--x-s3/583.parquet','s3://tpch31355--apne1-az1--x-s3/584.parquet','s3://tpch31355--apne1-az1--x-s3/586.parquet','s3://tpch31355--apne1-az1--x-s3/587.parquet','s3://tpch31355--apne1-az1--x-s3/588.parquet','s3://tpch31355--apne1-az1--x-s3/589.parquet','s3://tpch31355--apne1-az1--x-s3/590.parquet','s3://tpch31355--apne1-az1--x-s3/591.parquet','s3://tpch31355--apne1-az1--x-s3/592.parquet','s3://tpch31355--apne1-az1--x-s3/594.parquet','s3://tpch31355--apne1-az1--x-s3/595.parquet','s3://tpch31355--apne1-az1--x-s3/596.parquet',