{
    "rows_returned": 1,
    "latency": 51.329484479,
    "result_set_size": 8,
    "cumulative_rows_scanned": 5420800000,
    "cumulative_cardinality": 338800001,
    "extra_info": {},
    "cpu_time": 463.47126732799984,
    "blocked_thread_time": 5.32,
    "query_name": "COPY (FROM read_parquet(['s3://tpch10289--apne1-az1--x-s3/1065.parquet','s3://tpch10289--apne1-az1--x-s3/1066.parquet','s3://tpch10289--apne1-az1--x-s3/1067.parquet','s3://tpch10289--apne1-az1--x-s3/1068.parquet','s3://tpch10289--apne1-az1--x-s3/1069.parquet','s3://tpch10289--apne1-az1--x-s3/1070.parquet','s3://tpch10289--apne1-az1--x-s3/1071.parquet','s3://tpch10289--apne1-az1--x-s3/1072.parquet','s3://tpch10289--apne1-az1--x-s3/1073.parquet','s3://tpch10289--apne1-az1--x-s3/1074.parquet','s3://tpch10289--apne1-az1--x-s3/1075.parquet','s3://tpch10289--apne1-az1--x-s3/1076.parquet','s3://tpch10289--apne1-az1--x-s3/1077.parquet','s3://tpch10289--apne1-az1--x-s3/1078.parquet','s3://tpch10289--apne1-az1--x-s3/1079.parquet','s3://tpch10289--apne1-az1--x-s3/1080.parquet','s3://tpch10289--apne1-az1--x-s3/1081.parquet','s3://tpch10289--apne1-az1--x-s3/1082.parquet','s3://tpch10289--apne1-az1--x-s3/1083.parquet','s3://tpch10289--apne1-az1--x-s3/1084.parquet','s3://tpch10289--apne1-az1--x-s3/1085.parquet','s3://tpch10289--apne1-az1--x-s3/1086.parquet','s3://tpch10289--apne1-az1--x-s3/1087.parquet','s3://tpch10289--apne1-az1--x-s3/1088.parquet','s3://tpch10289--apne1-az1--x-s3/1089.parquet','s3://tpch10289--apne1-az1--x-s3/1090.parquet','s3://tpch10289--apne1-az1--x-s3/1091.parquet','s3://tpch10289--apne1-az1--x-s3/1092.parquet','s3://tpch10289--apne1-az1--x-s3/1093.parquet','s3://tpch10289--apne1-az1--x-s3/1094.parquet','s3://tpch10289--apne1-az1--x-s3/1095.parquet','s3://tpch10289--apne1-az1--x-s3/1096.parquet','s3://tpch10289--apne1-az1--x-s3/1097.parquet','s3://tpch10289--apne1-az1--x-s3/1098.parquet','s3://tpch10289--apne1-az1--x-s3/1099.parquet','s3://tpch10289--apne1-az1--x-s3/1100.parquet','s3://tpch10289--apne1-az1--x-s3/1101.parquet','s3://tpch10289--apne1-az1--x-s3/1102.parquet','s3://tpch10289--apne1-az1--x-s3/1103.parquet','s3://tpch10289--apne1-az1--x-s3/1104.parquet','s3://tpch10289--apne1-az1--x-s3/1105.parquet','s3://tpch10289--apne1-az1--x-s3/1106.parquet','s3://tpch10289--apne1-az1--x-s3/1107.parquet','s3://tpch10289--apne1-az1--x-s3/1108.parquet','s3://tpch10289--apne1-az1--x-s3/1109.parquet','s3://tpch10289--apne1-az1--x-s3/1110.parquet','s3://tpch10289--apne1-az1--x-s3/1111.parquet','s3://tpch10289--apne1-az1--x-s3/1112.parquet','s3://tpch10289--apne1-az1--x-s3/1113.parquet','s3://tpch10289--apne1-az1--x-s3/1114.parquet','s3://tpch10289--apne1-az1--x-s3/1115.parquet','s3://tpch10289--apne1-az1--x-s3/1116.parquet','s3://tpch10289--apne1-az1--x-s3/1117.parquet','s3://tpch10289--apne1-az1--x-s3/1118.parquet','s3://tpch10289--apne1-az1--x-s3/1119.parquet','s3://tpch10289--apne1-az1--x-s3/1120.parquet','s3://tpch10289--apne1-az1--x-s3/1121.parquet','s3://tpch10289--apne1-az1--x-s3/1122.parquet','s3://tpch10289--apne1-az1--x-s3/1123.parquet','s3://tpch10289--apne1-az1--x-s3/1124.parquet','s3://tpch10289--apne1-az1--x-s3/1125.parquet','s3://tpch10289--apne1-az1--x-s3/1126.parquet','s3://tpch10289--apne1-az1--x-s3/1127.parquet','s3://tpch10289--apne1-az1--x-s3/1128.parquet','s3://tpch10289--apne1-az1--x-s3/1129.parquet','s3://tpch10289--apne1-az1--x-s3/1130.parquet','s3://tpch10289--apne1-az1--x-s3/1131.parquet','s3://tpch10289--apne1-az1--x-s3/1132.parquet','s3://tpch10289--apne1-az1--x-s3/1133.parquet','s3://tpch10289--apne1-az1--x-s3/1134.parquet','s3://tpch10289--apne1-az1--x-s3/1136.parquet','s3://tpch10289--apne1-az1--x-s3/1137.parquet','s3://tpch10289--apne1-az1--x-s3/1138.parquet','s3://tpch10289--apne1-az1--x-s3/1139.parquet','s3://tpch10289--apne1-az1--x-s3/1140.parquet','s3://tpch10289--apne1-az1--x-s3/1141.parquet','s3://tpch10289--apne1-az1--x-s3/1142.parquet','s3://tpch10289--apne1-az1--x-s3/1143.parquet','s3://tpch10289--apne1-az1--x-s3/1144.parquet','s3://tpch10289--apne1-az1--x-s3/1145.parquet','s3://tpch10289--apne1-az1--x-s3/1146.parquet','s3://tpch10289--apne1-az1--x-s3/1147.parquet','s3://tpch10289--apne1-az1--x-s3/1148.parquet','s3://tpch10289--apne1-az1--x-s3/1149.parquet','s3://tpch10289--apne1-az1--x-s3/1150.parquet','s3://tpch10289--apne1-az1--x-s3/1151.parquet','s3://tpch10289--apne1-az1--x-s3/1152.parquet','s3://tpch10289--apne1-az1--x-s3/1153.parquet','s3://tpch10289--apne1-az1--x-s3/1154.parquet','s3://tpch10289--apne1-az1--x-s3/1155.parquet','s3://tpch10289--apne1-az1--x-s3/1156.parquet','s3://tpch10289--apne1-az1--x-s3/1157.parquet','s3://tpch10289--apne1-az1--x-s3/1158.parquet','s3://tpch10289--apne1-az1--x-s3/1159.parquet','s3://tpch10289--apne1-az1--x-s3/1160.parquet','s3://tpch10289--apne1-az1--x-s3/1161.parquet','s3://tpch10289--apne1-az1--x-s3/1162.parquet','s3://tpch10289--apne1-az1--x-s3/1163.parquet','s3://tpch10289--apne1-az1--x-s3/1164.parquet','s3://tpch10289--apne1-az1--x-s3/1165.parquet','s3://tpch10289--apne1-az1--x-s3/1166.parquet','s3://tpch10289--apne1-az1--x-s3/1167.parquet','s3://tpch10289--apne1-az1--x-s3/1168.parquet','s3://tpch10289--apne1-az1--x-s3/1169.parquet','s3://tpch10289--apne1-az1--x-s3/1170.parquet','s3://tpch10289--apne1-az1--x-s3/1171.parquet','s3://tpch10289--apne1-az1--x-s3/1172.parquet','s3://tpch10289--apne1-az1--x-s3/1173.parquet','s3://tpch10289--apne1-az1--x-s3/1174.parquet','s3://tpch10289--apne1-az1--x-s3/1175.parquet','s3://tpch10289--apne1-az1--x-s3/1176.parquet','s3://tpch10289--apne1-az1--x-s3/1177.parquet','s3://tpch10289--apne1-az1--x-s3/1178.parquet','s3://tpch10289--apne1-az1--x-s3/1179.parquet','s3://tpch10289--apne1-az1--x-s3/1180.parquet','s3://tpch10289--apne1-az1--x-s3/1181.parquet','s3://tpch10289--apne1-az1--x-s3/1182.parquet','s3://tpch10289--apne1-az1--x-s3/1183.parquet','s3://tpch10289--apne1-az1--x-s3/1184.parquet','s3://tpch10289--apne1-az1--x-s3/1185.parquet','s3://tpch10289--apne1-az1--x-s3/1186.parquet','s3://tpch10289--apne1-az1--x-s3/1187.parquet','s3://tpch10289--apne1-az1--x-s3/1188.parquet','s3://tpch10289--apne1-az1--x-s3/1189.parquet','s3://tpch10289--apne1-az1--x-s3/1190.parquet','s3://tpch10289--apne1-az1--x-s3/1191.parquet','s3://tpch10289--apne1-az1--x-s3/1192.parquet','s3://tpch10289--apne1-az1--x-s3/1193.parquet','s3://tpch10289--apne1-az1--x-s3/1194.parquet','s3://tpch10289--apne1-az1--x-s3/1195.parquet','s3://tpch10289--apne1-az1--x-s3/1196.parquet','s3://tpch10289--apne1-az1--x-s3/1197.parquet','s3://tpch10289--apne1-az1--x-s3/1198.parquet','s3://tpch10289--apne1-az1--x-s3/1199.parquet','s3://tpch10289--apne1-az1--x-s3/1200.parquet','s3://tpch10289--apne1-az1--x-s3/1201.parquet','s3://tpch10289--apne1-az1--x-s3/1202.parquet','s3://tpch10289--apne1-az1--x-s3/1203.parquet','s3://tpch10289--apne1-az1--x-s3/1204.parquet','s3://tpch10289--apne1-az1--x-s3/1205.parquet','s3://tpch10289--apne1-az1--x-s3/711.parquet','s3://tpch10289--apne1-az1--x-s3/716.parquet','s3://tpch10289--apne1-az1--x-s3/719.parquet','s3://tpch10289--apne1-az1--x-s3/720.parquet','s3://tpch10289--apne1-az1--x-s3/727.parquet','s3://tpch10289--apne1-az1--x-s3/730.parquet','s3://tpch10289--apne1-az1--x-s3/732.parquet','s3://tpch10289--apne1-az1--x-s3/735.parquet','s3://tpch10289--apne1-az1--x-s3/738.parquet','s3://tpch10289--apne1-az1--x-s3/761.parquet','s3://tpch10289--apne1-az1--x-s3/762.parquet','s3://tpch10289--apne1-az1--x-s3/764.parquet','s3://tpch10289--apne1-az1--x-s3/765.parquet','s3://tpch10289--apne1-az1--x-s3/766.parquet','s3://tpch10289--apne1-az1--x-s3/768.parquet','s3://tpch10289--apne1-az1--x-s3/769.parquet','s3://tpch10289--apne1-az1--x-s3/770.parquet','s3://tpch10289--apne1-az1--x-s3/773.parquet','s3://tpch10289--apne1-az1--x-s3/778.parquet','s3://tpch10289--apne1-az1--x-s3/779.parquet','s3://tpch10289--apne1-az1--x-s3/782.parquet','s3://tpch10289--apne1-az1--x-s3/783.parquet','s3://tpch10289--apne1-az1--x-s3/784.parquet','s3://tpch10289--apne1-az1--x-s3/786.parquet',