{
    "rows_returned": 1,
    "latency": 52.263354018,
    "result_set_size": 8,
    "cumulative_rows_scanned": 5440000000,
    "cumulative_cardinality": 339062001,
    "extra_info": {},
    "cpu_time": 486.208079653,
    "blocked_thread_time": 5.38,
    "query_name": "COPY (FROM read_parquet(['s3://tpch10289--apne1-az1--x-s3/355.parquet','s3://tpch10289--apne1-az1--x-s3/356.parquet','s3://tpch10289--apne1-az1--x-s3/357.parquet','s3://tpch10289--apne1-az1--x-s3/358.parquet','s3://tpch10289--apne1-az1--x-s3/359.parquet','s3://tpch10289--apne1-az1--x-s3/360.parquet','s3://tpch10289--apne1-az1--x-s3/361.parquet','s3://tpch10289--apne1-az1--x-s3/362.parquet','s3://tpch10289--apne1-az1--x-s3/363.parquet','s3://tpch10289--apne1-az1--x-s3/364.parquet','s3://tpch10289--apne1-az1--x-s3/365.parquet','s3://tpch10289--apne1-az1--x-s3/366.parquet','s3://tpch10289--apne1-az1--x-s3/367.parquet','s3://tpch10289--apne1-az1--x-s3/368.parquet','s3://tpch10289--apne1-az1--x-s3/369.parquet','s3://tpch10289--apne1-az1--x-s3/370.parquet','s3://tpch10289--apne1-az1--x-s3/371.parquet','s3://tpch10289--apne1-az1--x-s3/372.parquet','s3://tpch10289--apne1-az1--x-s3/373.parquet','s3://tpch10289--apne1-az1--x-s3/374.parquet','s3://tpch10289--apne1-az1--x-s3/375.parquet','s3://tpch10289--apne1-az1--x-s3/376.parquet','s3://tpch10289--apne1-az1--x-s3/377.parquet','s3://tpch10289--apne1-az1--x-s3/378.parquet','s3://tpch10289--apne1-az1--x-s3/379.parquet','s3://tpch10289--apne1-az1--x-s3/380.parquet','s3://tpch10289--apne1-az1--x-s3/381.parquet','s3://tpch10289--apne1-az1--x-s3/382.parquet','s3://tpch10289--apne1-az1--x-s3/383.parquet','s3://tpch10289--apne1-az1--x-s3/384.parquet','s3://tpch10289--apne1-az1--x-s3/385.parquet','s3://tpch10289--apne1-az1--x-s3/386.parquet','s3://tpch10289--apne1-az1--x-s3/387.parquet','s3://tpch10289--apne1-az1--x-s3/388.parquet','s3://tpch10289--apne1-az1--x-s3/389.parquet','s3://tpch10289--apne1-az1--x-s3/390.parquet','s3://tpch10289--apne1-az1--x-s3/391.parquet','s3://tpch10289--apne1-az1--x-s3/392.parquet','s3://tpch10289--apne1-az1--x-s3/393.parquet','s3://tpch10289--apne1-az1--x-s3/394.parquet','s3://tpch10289--apne1-az1--x-s3/395.parquet','s3://tpch10289--apne1-az1--x-s3/396.parquet','s3://tpch10289--apne1-az1--x-s3/397.parquet','s3://tpch10289--apne1-az1--x-s3/398.parquet','s3://tpch10289--apne1-az1--x-s3/399.parquet','s3://tpch10289--apne1-az1--x-s3/400.parquet','s3://tpch10289--apne1-az1--x-s3/401.parquet','s3://tpch10289--apne1-az1--x-s3/402.parquet','s3://tpch10289--apne1-az1--x-s3/403.parquet','s3://tpch10289--apne1-az1--x-s3/404.parquet','s3://tpch10289--apne1-az1--x-s3/405.parquet','s3://tpch10289--apne1-az1--x-s3/406.parquet','s3://tpch10289--apne1-az1--x-s3/407.parquet','s3://tpch10289--apne1-az1--x-s3/408.parquet','s3://tpch10289--apne1-az1--x-s3/409.parquet','s3://tpch10289--apne1-az1--x-s3/410.parquet','s3://tpch10289--apne1-az1--x-s3/411.parquet','s3://tpch10289--apne1-az1--x-s3/412.parquet','s3://tpch10289--apne1-az1--x-s3/413.parquet','s3://tpch10289--apne1-az1--x-s3/414.parquet','s3://tpch10289--apne1-az1--x-s3/415.parquet','s3://tpch10289--apne1-az1--x-s3/416.parquet','s3://tpch10289--apne1-az1--x-s3/417.parquet','s3://tpch10289--apne1-az1--x-s3/418.parquet','s3://tpch10289--apne1-az1--x-s3/419.parquet','s3://tpch10289--apne1-az1--x-s3/420.parquet','s3://tpch10289--apne1-az1--x-s3/421.parquet','s3://tpch10289--apne1-az1--x-s3/422.parquet','s3://tpch10289--apne1-az1--x-s3/423.parquet','s3://tpch10289--apne1-az1--x-s3/424.parquet','s3://tpch10289--apne1-az1--x-s3/569.parquet','s3://tpch10289--apne1-az1--x-s3/582.parquet','s3://tpch10289--apne1-az1--x-s3/591.parquet','s3://tpch10289--apne1-az1--x-s3/596.parquet','s3://tpch10289--apne1-az1--x-s3/602.parquet','s3://tpch10289--apne1-az1--x-s3/610.parquet','s3://tpch10289--apne1-az1--x-s3/613.parquet','s3://tpch10289--apne1-az1--x-s3/616.parquet','s3://tpch10289--apne1-az1--x-s3/627.parquet','s3://tpch10289--apne1-az1--x-s3/633.parquet','s3://tpch10289--apne1-az1--x-s3/639.parquet','s3://tpch10289--apne1-az1--x-s3/640.parquet','s3://tpch10289--apne1-az1--x-s3/641.parquet','s3://tpch10289--apne1-az1--x-s3/642.parquet','s3://tpch10289--apne1-az1--x-s3/643.parquet','s3://tpch10289--apne1-az1--x-s3/644.parquet','s3://tpch10289--apne1-az1--x-s3/645.parquet','s3://tpch10289--apne1-az1--x-s3/646.parquet','s3://tpch10289--apne1-az1--x-s3/647.parquet','s3://tpch10289--apne1-az1--x-s3/648.parquet','s3://tpch10289--apne1-az1--x-s3/649.parquet','s3://tpch10289--apne1-az1--x-s3/650.parquet','s3://tpch10289--apne1-az1--x-s3/651.parquet','s3://tpch10289--apne1-az1--x-s3/652.parquet','s3://tpch10289--apne1-az1--x-s3/653.parquet','s3://tpch10289--apne1-az1--x-s3/654.parquet','s3://tpch10289--apne1-az1--x-s3/655.parquet','s3://tpch10289--apne1-az1--x-s3/656.parquet','s3://tpch10289--apne1-az1--x-s3/657.parquet','s3://tpch10289--apne1-az1--x-s3/658.parquet','s3://tpch10289--apne1-az1--x-s3/659.parquet','s3://tpch10289--apne1-az1--x-s3/660.parquet','s3://tpch10289--apne1-az1--x-s3/661.parquet','s3://tpch10289--apne1-az1--x-s3/662.parquet','s3://tpch10289--apne1-az1--x-s3/663.parquet','s3://tpch10289--apne1-az1--x-s3/664.parquet','s3://tpch10289--apne1-az1--x-s3/665.parquet','s3://tpch10289--apne1-az1--x-s3/666.parquet','s3://tpch10289--apne1-az1--x-s3/667.parquet','s3://tpch10289--apne1-az1--x-s3/668.parquet','s3://tpch10289--apne1-az1--x-s3/669.parquet','s3://tpch10289--apne1-az1--x-s3/670.parquet','s3://tpch10289--apne1-az1--x-s3/671.parquet','s3://tpch10289--apne1-az1--x-s3/672.parquet','s3://tpch10289--apne1-az1--x-s3/673.parquet','s3://tpch10289--apne1-az1--x-s3/674.parquet','s3://tpch10289--apne1-az1--x-s3/675.parquet','s3://tpch10289--apne1-az1--x-s3/676.parquet','s3://tpch10289--apne1-az1--x-s3/677.parquet','s3://tpch10289--apne1-az1--x-s3/678.parquet','s3://tpch10289--apne1-az1--x-s3/679.parquet','s3://tpch10289--apne1-az1--x-s3/680.parquet','s3://tpch10289--apne1-az1--x-s3/681.parquet','s3://tpch10289--apne1-az1--x-s3/682.parquet','s3://tpch10289--apne1-az1--x-s3/683.parquet','s3://tpch10289--apne1-az1--x-s3/684.parquet','s3://tpch10289--apne1-az1--x-s3/685.parquet','s3://tpch10289--apne1-az1--x-s3/686.parquet','s3://tpch10289--apne1-az1--x-s3/687.parquet','s3://tpch10289--apne1-az1--x-s3/688.parquet','s3://tpch10289--apne1-az1--x-s3/689.parquet','s3://tpch10289--apne1-az1--x-s3/690.parquet','s3://tpch10289--apne1-az1--x-s3/691.parquet','s3://tpch10289--apne1-az1--x-s3/692.parquet','s3://tpch10289--apne1-az1--x-s3/693.parquet','s3://tpch10289--apne1-az1--x-s3/694.parquet','s3://tpch10289--apne1-az1--x-s3/695.parquet','s3://tpch10289--apne1-az1--x-s3/696.parquet','s3://tpch10289--apne1-az1--x-s3/697.parquet','s3://tpch10289--apne1-az1--x-s3/698.parquet','s3://tpch10289--apne1-az1--x-s3/699.parquet','s3://tpch10289--apne1-az1--x-s3/700.parquet','s3://tpch10289--apne1-az1--x-s3/701.parquet','s3://tpch10289--apne1-az1--x-s3/702.parquet','s3://tpch10289--apne1-az1--x-s3/703.parquet','s3://tpch10289--apne1-az1--x-s3/704.parquet','s3://tpch10289--apne1-az1--x-s3/705.parquet','s3://tpch10289--apne1-az1--x-s3/706.parquet','s3://tpch10289--apne1-az1--x-s3/707.parquet','s3://tpch10289--apne1-az1--x-s3/708.parquet','s3://tpch10289--apne1-az1--x-s3/710.parquet','s3://tpch10289--apne1-az1--x-s3/712.parquet','s3://tpch10289--apne1-az1--x-s3/713.parquet','s3://tpch10289--apne1-az1--x-s3/714.parquet','s3://tpch10289--apne1-az1--x-s3/715.parquet','s3://tpch10289--apne1-az1--x-s3/717.parquet','s3://tpch10289--apne1-az1--x-s3/718.parquet','s3://tpch10289--apne1-az1--x-s3/721.parquet','s3://tpch10289--apne1-az1--x-s3/722.parquet','s3://tpch10289--apne1-az1--x-s3/723.parquet','s3://tpch10289--apne1-az1--x-s3/724.parquet','s3://tpch10289--apne1-az1--x-s3/725.parquet','s3://tpch10289--apne1-az1--x-s3/726.parquet','s3://tpch10289--apne1-az1--x-s3/728.parquet','s3://tpch10289--apne1-az1--x-s3/729.parquet','s3://tpch10289--apne1-az1--x-s3/731.parquet','s3://tpch10289--apne1-az1--x-s3/733.parquet',