{
    "rows_returned": 1,
    "latency": 51.721223792,
    "result_set_size": 8,
    "cumulative_rows_scanned": 5427200000,
    "cumulative_cardinality": 339012001,
    "extra_info": {},
    "cpu_time": 449.2859357149998,
    "blocked_thread_time": 5.42,
    "query_name": "COPY (FROM read_parquet(['s3://tpch10289--apne1-az1--x-s3/103.parquet','s3://tpch10289--apne1-az1--x-s3/11.parquet','s3://tpch10289--apne1-az1--x-s3/110.parquet','s3://tpch10289--apne1-az1--x-s3/113.parquet','s3://tpch10289--apne1-az1--x-s3/114.parquet','s3://tpch10289--apne1-az1--x-s3/117.parquet','s3://tpch10289--apne1-az1--x-s3/121.parquet','s3://tpch10289--apne1-az1--x-s3/134.parquet','s3://tpch10289--apne1-az1--x-s3/1351.parquet','s3://tpch10289--apne1-az1--x-s3/1366.parquet','s3://tpch10289--apne1-az1--x-s3/1370.parquet','s3://tpch10289--apne1-az1--x-s3/1375.parquet','s3://tpch10289--apne1-az1--x-s3/1386.parquet','s3://tpch10289--apne1-az1--x-s3/139.parquet','s3://tpch10289--apne1-az1--x-s3/1408.parquet','s3://tpch10289--apne1-az1--x-s3/1418.parquet','s3://tpch10289--apne1-az1--x-s3/1420.parquet','s3://tpch10289--apne1-az1--x-s3/1421.parquet','s3://tpch10289--apne1-az1--x-s3/1422.parquet','s3://tpch10289--apne1-az1--x-s3/1423.parquet','s3://tpch10289--apne1-az1--x-s3/1424.parquet','s3://tpch10289--apne1-az1--x-s3/1425.parquet','s3://tpch10289--apne1-az1--x-s3/1426.parquet','s3://tpch10289--apne1-az1--x-s3/1427.parquet','s3://tpch10289--apne1-az1--x-s3/1428.parquet','s3://tpch10289--apne1-az1--x-s3/1429.parquet','s3://tpch10289--apne1-az1--x-s3/1430.parquet','s3://tpch10289--apne1-az1--x-s3/1431.parquet','s3://tpch10289--apne1-az1--x-s3/1432.parquet','s3://tpch10289--apne1-az1--x-s3/1433.parquet','s3://tpch10289--apne1-az1--x-s3/1434.parquet','s3://tpch10289--apne1-az1--x-s3/1435.parquet','s3://tpch10289--apne1-az1--x-s3/1436.parquet','s3://tpch10289--apne1-az1--x-s3/1437.parquet','s3://tpch10289--apne1-az1--x-s3/1438.parquet','s3://tpch10289--apne1-az1--x-s3/1439.parquet','s3://tpch10289--apne1-az1--x-s3/1440.parquet','s3://tpch10289--apne1-az1--x-s3/1441.parquet','s3://tpch10289--apne1-az1--x-s3/1442.parquet','s3://tpch10289--apne1-az1--x-s3/1443.parquet','s3://tpch10289--apne1-az1--x-s3/1444.parquet','s3://tpch10289--apne1-az1--x-s3/1445.parquet','s3://tpch10289--apne1-az1--x-s3/1446.parquet','s3://tpch10289--apne1-az1--x-s3/1447.parquet','s3://tpch10289--apne1-az1--x-s3/1448.parquet','s3://tpch10289--apne1-az1--x-s3/1449.parquet','s3://tpch10289--apne1-az1--x-s3/1450.parquet','s3://tpch10289--apne1-az1--x-s3/1451.parquet','s3://tpch10289--apne1-az1--x-s3/1452.parquet','s3://tpch10289--apne1-az1--x-s3/1453.parquet','s3://tpch10289--apne1-az1--x-s3/1454.parquet','s3://tpch10289--apne1-az1--x-s3/1455.parquet','s3://tpch10289--apne1-az1--x-s3/1456.parquet','s3://tpch10289--apne1-az1--x-s3/1457.parquet','s3://tpch10289--apne1-az1--x-s3/1458.parquet','s3://tpch10289--apne1-az1--x-s3/1459.parquet','s3://tpch10289--apne1-az1--x-s3/1460.parquet','s3://tpch10289--apne1-az1--x-s3/1461.parquet','s3://tpch10289--apne1-az1--x-s3/1462.parquet','s3://tpch10289--apne1-az1--x-s3/1463.parquet','s3://tpch10289--apne1-az1--x-s3/1464.parquet','s3://tpch10289--apne1-az1--x-s3/1465.parquet','s3://tpch10289--apne1-az1--x-s3/1466.parquet','s3://tpch10289--apne1-az1--x-s3/1467.parquet','s3://tpch10289--apne1-az1--x-s3/1468.parquet','s3://tpch10289--apne1-az1--x-s3/1469.parquet','s3://tpch10289--apne1-az1--x-s3/1470.parquet','s3://tpch10289--apne1-az1--x-s3/1471.parquet','s3://tpch10289--apne1-az1--x-s3/1472.parquet','s3://tpch10289--apne1-az1--x-s3/1473.parquet','s3://tpch10289--apne1-az1--x-s3/1474.parquet','s3://tpch10289--apne1-az1--x-s3/1475.parquet','s3://tpch10289--apne1-az1--x-s3/1476.parquet','s3://tpch10289--apne1-az1--x-s3/1477.parquet','s3://tpch10289--apne1-az1--x-s3/1478.parquet','s3://tpch10289--apne1-az1--x-s3/1479.parquet','s3://tpch10289--apne1-az1--x-s3/148.parquet','s3://tpch10289--apne1-az1--x-s3/1480.parquet','s3://tpch10289--apne1-az1--x-s3/1481.parquet','s3://tpch10289--apne1-az1--x-s3/1482.parquet','s3://tpch10289--apne1-az1--x-s3/1483.parquet','s3://tpch10289--apne1-az1--x-s3/1484.parquet','s3://tpch10289--apne1-az1--x-s3/1485.parquet','s3://tpch10289--apne1-az1--x-s3/1486.parquet','s3://tpch10289--apne1-az1--x-s3/1487.parquet','s3://tpch10289--apne1-az1--x-s3/1488.parquet','s3://tpch10289--apne1-az1--x-s3/1489.parquet','s3://tpch10289--apne1-az1--x-s3/15.parquet','s3://tpch10289--apne1-az1--x-s3/1508.parquet','s3://tpch10289--apne1-az1--x-s3/1529.parquet','s3://tpch10289--apne1-az1--x-s3/1530.parquet','s3://tpch10289--apne1-az1--x-s3/1532.parquet','s3://tpch10289--apne1-az1--x-s3/1539.parquet','s3://tpch10289--apne1-az1--x-s3/1540.parquet','s3://tpch10289--apne1-az1--x-s3/1633.parquet','s3://tpch10289--apne1-az1--x-s3/1634.parquet','s3://tpch10289--apne1-az1--x-s3/1635.parquet','s3://tpch10289--apne1-az1--x-s3/1636.parquet','s3://tpch10289--apne1-az1--x-s3/1637.parquet','s3://tpch10289--apne1-az1--x-s3/1638.parquet','s3://tpch10289--apne1-az1--x-s3/1639.parquet','s3://tpch10289--apne1-az1--x-s3/1640.parquet','s3://tpch10289--apne1-az1--x-s3/1641.parquet','s3://tpch10289--apne1-az1--x-s3/1642.parquet','s3://tpch10289--apne1-az1--x-s3/1643.parquet','s3://tpch10289--apne1-az1--x-s3/1644.parquet','s3://tpch10289--apne1-az1--x-s3/1645.parquet','s3://tpch10289--apne1-az1--x-s3/1646.parquet','s3://tpch10289--apne1-az1--x-s3/1647.parquet','s3://tpch10289--apne1-az1--x-s3/1648.parquet','s3://tpch10289--apne1-az1--x-s3/1649.parquet','s3://tpch10289--apne1-az1--x-s3/165.parquet','s3://tpch10289--apne1-az1--x-s3/1650.parquet','s3://tpch10289--apne1-az1--x-s3/1651.parquet','s3://tpch10289--apne1-az1--x-s3/1652.parquet','s3://tpch10289--apne1-az1--x-s3/1653.parquet','s3://tpch10289--apne1-az1--x-s3/1654.parquet','s3://tpch10289--apne1-az1--x-s3/1655.parquet','s3://tpch10289--apne1-az1--x-s3/1656.parquet','s3://tpch10289--apne1-az1--x-s3/1657.parquet','s3://tpch10289--apne1-az1--x-s3/1658.parquet','s3://tpch10289--apne1-az1--x-s3/1659.parquet','s3://tpch10289--apne1-az1--x-s3/1660.parquet','s3://tpch10289--apne1-az1--x-s3/1661.parquet','s3://tpch10289--apne1-az1--x-s3/1662.parquet','s3://tpch10289--apne1-az1--x-s3/1663.parquet','s3://tpch10289--apne1-az1--x-s3/1664.parquet','s3://tpch10289--apne1-az1--x-s3/1665.parquet','s3://tpch10289--apne1-az1--x-s3/1666.parquet','s3://tpch10289--apne1-az1--x-s3/1667.parquet','s3://tpch10289--apne1-az1--x-s3/1668.parquet','s3://tpch10289--apne1-az1--x-s3/1669.parquet','s3://tpch10289--apne1-az1--x-s3/1670.parquet','s3://tpch10289--apne1-az1--x-s3/1671.parquet','s3://tpch10289--apne1-az1--x-s3/1672.parquet','s3://tpch10289--apne1-az1--x-s3/1673.parquet','s3://tpch10289--apne1-az1--x-s3/1674.parquet','s3://tpch10289--apne1-az1--x-s3/1675.parquet','s3://tpch10289--apne1-az1--x-s3/1676.parquet','s3://tpch10289--apne1-az1--x-s3/1677.parquet','s3://tpch10289--apne1-az1--x-s3/1678.parquet','s3://tpch10289--apne1-az1--x-s3/1679.parquet','s3://tpch10289--apne1-az1--x-s3/1680.parquet','s3://tpch10289--apne1-az1--x-s3/1681.parquet','s3://tpch10289--apne1-az1--x-s3/1682.parquet','s3://tpch10289--apne1-az1--x-s3/1683.parquet','s3://tpch10289--apne1-az1--x-s3/1684.parquet','s3://tpch10289--apne1-az1--x-s3/1685.parquet','s3://tpch10289--apne1-az1--x-s3/1686.parquet','s3://tpch10289--apne1-az1--x-s3/1687.parquet','s3://tpch10289--apne1-az1--x-s3/1688.parquet','s3://tpch10289--apne1-az1--x-s3/1689.parquet','s3://tpch10289--apne1-az1--x-s3/1690.parquet','s3://tpch10289--apne1-az1--x-s3/1691.parquet','s3://tpch10289--apne1-az1--x-s3/1692.parquet','s3://tpch10289--apne1-az1--x-s3/1693.parquet','s3://tpch10289--apne1-az1--x-s3/1694.parquet','s3://tpch10289--apne1-az1--x-s3/1695.parquet','s3://tpch10289--apne1-az1--x-s3/1696.parquet','s3://tpch10289--apne1-az1--x-s3/1697.parquet','s3://tpch10289--apne1-az1--x-s3/1698.parquet','s3://tpch10289--apne1-az1--x-s3/1699.parquet','s3://tpch10289--apne1-az1--x-s3/1700.parquet','s3://tpch10289--apne1-az1--x-s3/1701.parquet',