{
    "rows_returned": 1,
    "latency": 49.747629322,
    "result_set_size": 8,
    "cumulative_rows_scanned": 5318400000,
    "cumulative_cardinality": 332686001,
    "extra_info": {},
    "cpu_time": 447.3680915869997,
    "blocked_thread_time": 4.42,
    "query_name": "COPY (FROM read_parquet(['s3://tpch31355--apne1-az1--x-s3/-60.parquet','s3://tpch31355--apne1-az1--x-s3/1001.parquet','s3://tpch31355--apne1-az1--x-s3/1003.parquet','s3://tpch31355--apne1-az1--x-s3/1006.parquet','s3://tpch31355--apne1-az1--x-s3/1008.parquet','s3://tpch31355--apne1-az1--x-s3/1009.parquet','s3://tpch31355--apne1-az1--x-s3/1012.parquet','s3://tpch31355--apne1-az1--x-s3/1015.parquet','s3://tpch31355--apne1-az1--x-s3/1017.parquet','s3://tpch31355--apne1-az1--x-s3/1019.parquet','s3://tpch31355--apne1-az1--x-s3/1024.parquet','s3://tpch31355--apne1-az1--x-s3/1025.parquet','s3://tpch31355--apne1-az1--x-s3/1027.parquet','s3://tpch31355--apne1-az1--x-s3/1031.parquet','s3://tpch31355--apne1-az1--x-s3/1032.parquet','s3://tpch31355--apne1-az1--x-s3/1033.parquet','s3://tpch31355--apne1-az1--x-s3/1035.parquet','s3://tpch31355--apne1-az1--x-s3/1036.parquet','s3://tpch31355--apne1-az1--x-s3/1037.parquet','s3://tpch31355--apne1-az1--x-s3/1039.parquet','s3://tpch31355--apne1-az1--x-s3/1040.parquet','s3://tpch31355--apne1-az1--x-s3/1043.parquet','s3://tpch31355--apne1-az1--x-s3/1044.parquet','s3://tpch31355--apne1-az1--x-s3/1049.parquet','s3://tpch31355--apne1-az1--x-s3/1052.parquet','s3://tpch31355--apne1-az1--x-s3/1053.parquet','s3://tpch31355--apne1-az1--x-s3/1058.parquet','s3://tpch31355--apne1-az1--x-s3/1059.parquet','s3://tpch31355--apne1-az1--x-s3/1060.parquet','s3://tpch31355--apne1-az1--x-s3/1063.parquet','s3://tpch31355--apne1-az1--x-s3/1066.parquet','s3://tpch31355--apne1-az1--x-s3/1067.parquet','s3://tpch31355--apne1-az1--x-s3/1068.parquet','s3://tpch31355--apne1-az1--x-s3/1069.parquet','s3://tpch31355--apne1-az1--x-s3/1070.parquet','s3://tpch31355--apne1-az1--x-s3/1071.parquet','s3://tpch31355--apne1-az1--x-s3/1073.parquet','s3://tpch31355--apne1-az1--x-s3/1074.parquet','s3://tpch31355--apne1-az1--x-s3/1077.parquet','s3://tpch31355--apne1-az1--x-s3/1081.parquet','s3://tpch31355--apne1-az1--x-s3/1084.parquet','s3://tpch31355--apne1-az1--x-s3/1087.parquet','s3://tpch31355--apne1-az1--x-s3/1210.parquet','s3://tpch31355--apne1-az1--x-s3/1735.parquet','s3://tpch31355--apne1-az1--x-s3/1791.parquet','s3://tpch31355--apne1-az1--x-s3/1995.parquet','s3://tpch31355--apne1-az1--x-s3/1996.parquet','s3://tpch31355--apne1-az1--x-s3/2000.parquet','s3://tpch31355--apne1-az1--x-s3/2002.parquet','s3://tpch31355--apne1-az1--x-s3/2004.parquet','s3://tpch31355--apne1-az1--x-s3/2005.parquet','s3://tpch31355--apne1-az1--x-s3/2006.parquet','s3://tpch31355--apne1-az1--x-s3/2008.parquet','s3://tpch31355--apne1-az1--x-s3/2009.parquet','s3://tpch31355--apne1-az1--x-s3/2010.parquet','s3://tpch31355--apne1-az1--x-s3/2011.parquet','s3://tpch31355--apne1-az1--x-s3/2013.parquet','s3://tpch31355--apne1-az1--x-s3/2014.parquet','s3://tpch31355--apne1-az1--x-s3/2015.parquet','s3://tpch31355--apne1-az1--x-s3/2016.parquet','s3://tpch31355--apne1-az1--x-s3/2017.parquet','s3://tpch31355--apne1-az1--x-s3/2019.parquet','s3://tpch31355--apne1-az1--x-s3/2020.parquet','s3://tpch31355--apne1-az1--x-s3/2021.parquet','s3://tpch31355--apne1-az1--x-s3/2022.parquet','s3://tpch31355--apne1-az1--x-s3/2023.parquet','s3://tpch31355--apne1-az1--x-s3/2024.parquet','s3://tpch31355--apne1-az1--x-s3/2025.parquet','s3://tpch31355--apne1-az1--x-s3/2026.parquet','s3://tpch31355--apne1-az1--x-s3/2027.parquet','s3://tpch31355--apne1-az1--x-s3/2028.parquet','s3://tpch31355--apne1-az1--x-s3/2029.parquet','s3://tpch31355--apne1-az1--x-s3/2030.parquet','s3://tpch31355--apne1-az1--x-s3/2031.parquet','s3://tpch31355--apne1-az1--x-s3/2032.parquet','s3://tpch31355--apne1-az1--x-s3/2033.parquet','s3://tpch31355--apne1-az1--x-s3/2034.parquet','s3://tpch31355--apne1-az1--x-s3/2035.parquet','s3://tpch31355--apne1-az1--x-s3/2036.parquet','s3://tpch31355--apne1-az1--x-s3/2037.parquet','s3://tpch31355--apne1-az1--x-s3/2038.parquet','s3://tpch31355--apne1-az1--x-s3/2039.parquet','s3://tpch31355--apne1-az1--x-s3/2040.parquet','s3://tpch31355--apne1-az1--x-s3/2041.parquet','s3://tpch31355--apne1-az1--x-s3/2042.parquet','s3://tpch31355--apne1-az1--x-s3/2043.parquet','s3://tpch31355--apne1-az1--x-s3/2044.parquet','s3://tpch31355--apne1-az1--x-s3/2045.parquet','s3://tpch31355--apne1-az1--x-s3/2046.parquet','s3://tpch31355--apne1-az1--x-s3/2047.parquet','s3://tpch31355--apne1-az1--x-s3/2048.parquet','s3://tpch31355--apne1-az1--x-s3/2049.parquet','s3://tpch31355--apne1-az1--x-s3/2050.parquet','s3://tpch31355--apne1-az1--x-s3/2051.parquet','s3://tpch31355--apne1-az1--x-s3/2052.parquet','s3://tpch31355--apne1-az1--x-s3/2053.parquet','s3://tpch31355--apne1-az1--x-s3/2054.parquet','s3://tpch31355--apne1-az1--x-s3/2055.parquet','s3://tpch31355--apne1-az1--x-s3/2056.parquet','s3://tpch31355--apne1-az1--x-s3/2057.parquet','s3://tpch31355--apne1-az1--x-s3/2058.parquet','s3://tpch31355--apne1-az1--x-s3/245.parquet','s3://tpch31355--apne1-az1--x-s3/246.parquet','s3://tpch31355--apne1-az1--x-s3/248.parquet','s3://tpch31355--apne1-az1--x-s3/252.parquet','s3://tpch31355--apne1-az1--x-s3/262.parquet','s3://tpch31355--apne1-az1--x-s3/263.parquet','s3://tpch31355--apne1-az1--x-s3/264.parquet','s3://tpch31355--apne1-az1--x-s3/266.parquet','s3://tpch31355--apne1-az1--x-s3/267.parquet','s3://tpch31355--apne1-az1--x-s3/270.parquet','s3://tpch31355--apne1-az1--x-s3/271.parquet','s3://tpch31355--apne1-az1--x-s3/272.parquet','s3://tpch31355--apne1-az1--x-s3/273.parquet','s3://tpch31355--apne1-az1--x-s3/276.parquet','s3://tpch31355--apne1-az1--x-s3/277.parquet','s3://tpch31355--apne1-az1--x-s3/278.parquet','s3://tpch31355--apne1-az1--x-s3/280.parquet','s3://tpch31355--apne1-az1--x-s3/281.parquet','s3://tpch31355--apne1-az1--x-s3/282.parquet','s3://tpch31355--apne1-az1--x-s3/284.parquet','s3://tpch31355--apne1-az1--x-s3/285.parquet','s3://tpch31355--apne1-az1--x-s3/294.parquet','s3://tpch31355--apne1-az1--x-s3/295.parquet','s3://tpch31355--apne1-az1--x-s3/297.parquet','s3://tpch31355--apne1-az1--x-s3/298.parquet','s3://tpch31355--apne1-az1--x-s3/3408.parquet','s3://tpch31355--apne1-az1--x-s3/3409.parquet','s3://tpch31355--apne1-az1--x-s3/3410.parquet','s3://tpch31355--apne1-az1--x-s3/3411.parquet','s3://tpch31355--apne1-az1--x-s3/3412.parquet','s3://tpch31355--apne1-az1--x-s3/3413.parquet','s3://tpch31355--apne1-az1--x-s3/3414.parquet','s3://tpch31355--apne1-az1--x-s3/3415.parquet','s3://tpch31355--apne1-az1--x-s3/3416.parquet','s3://tpch31355--apne1-az1--x-s3/3417.parquet','s3://tpch31355--apne1-az1--x-s3/3418.parquet','s3://tpch31355--apne1-az1--x-s3/3419.parquet','s3://tpch31355--apne1-az1--x-s3/3420.parquet','s3://tpch31355--apne1-az1--x-s3/3421.parquet','s3://tpch31355--apne1-az1--x-s3/3422.parquet','s3://tpch31355--apne1-az1--x-s3/3423.parquet','s3://tpch31355--apne1-az1--x-s3/3424.parquet','s3://tpch31355--apne1-az1--x-s3/3425.parquet','s3://tpch31355--apne1-az1--x-s3/3426.parquet','s3://tpch31355--apne1-az1--x-s3/3427.parquet','s3://tpch31355--apne1-az1--x-s3/3428.parquet','s3://tpch31355--apne1-az1--x-s3/3429.parquet','s3://tpch31355--apne1-az1--x-s3/3430.parquet','s3://tpch31355--apne1-az1--x-s3/3431.parquet','s3://tpch31355--apne1-az1--x-s3/3432.parquet','s3://tpch31355--apne1-az1--x-s3/3433.parquet','s3://tpch31355--apne1-az1--x-s3/3434.parquet','s3://tpch31355--apne1-az1--x-s3/3435.parquet','s3://tpch31355--apne1-az1--x-s3/3436.parquet','s3://tpch31355--apne1-az1--x-s3/3437.parquet','s3://tpch31355--apne1-az1--x-s3/3438.parquet','s3://tpch31355--apne1-az1--x-s3/3439.parquet','s3://tpch31355--apne1-az1--x-s3/3440.parquet','s3://tpch31355--apne1-az1--x-s3/3441.parquet','s3://tpch31355--apne1-az1--x-s3/3442.parquet','s3://tpch31355--apne1-az1--x-s3/3443.parquet','s3://tpch31355--apne1-az1--x-s3/3444.parquet','s3://tpch31355--apne1-az1--x-s3/3445.parquet',