{
    "rows_returned": 1,
    "latency": 47.808068029,
    "result_set_size": 8,
    "cumulative_rows_scanned": 5299200000,
    "cumulative_cardinality": 329332001,
    "extra_info": {},
    "cpu_time": 430.94635323200004,
    "blocked_thread_time": 4.32,
    "query_name": "COPY (FROM read_parquet(['s3://tpch31355--apne1-az1--x-s3/-54.parquet','s3://tpch31355--apne1-az1--x-s3/-60.parquet','s3://tpch31355--apne1-az1--x-s3/1001.parquet','s3://tpch31355--apne1-az1--x-s3/1003.parquet','s3://tpch31355--apne1-az1--x-s3/1005.parquet','s3://tpch31355--apne1-az1--x-s3/1006.parquet','s3://tpch31355--apne1-az1--x-s3/1007.parquet','s3://tpch31355--apne1-az1--x-s3/1008.parquet','s3://tpch31355--apne1-az1--x-s3/1009.parquet','s3://tpch31355--apne1-az1--x-s3/1010.parquet','s3://tpch31355--apne1-az1--x-s3/1012.parquet','s3://tpch31355--apne1-az1--x-s3/1013.parquet','s3://tpch31355--apne1-az1--x-s3/1014.parquet','s3://tpch31355--apne1-az1--x-s3/1015.parquet','s3://tpch31355--apne1-az1--x-s3/1016.parquet','s3://tpch31355--apne1-az1--x-s3/1017.parquet','s3://tpch31355--apne1-az1--x-s3/1018.parquet','s3://tpch31355--apne1-az1--x-s3/1019.parquet','s3://tpch31355--apne1-az1--x-s3/1020.parquet','s3://tpch31355--apne1-az1--x-s3/1022.parquet','s3://tpch31355--apne1-az1--x-s3/1023.parquet','s3://tpch31355--apne1-az1--x-s3/1024.parquet','s3://tpch31355--apne1-az1--x-s3/1025.parquet','s3://tpch31355--apne1-az1--x-s3/1026.parquet','s3://tpch31355--apne1-az1--x-s3/1027.parquet','s3://tpch31355--apne1-az1--x-s3/1028.parquet','s3://tpch31355--apne1-az1--x-s3/1030.parquet','s3://tpch31355--apne1-az1--x-s3/1031.parquet','s3://tpch31355--apne1-az1--x-s3/1032.parquet','s3://tpch31355--apne1-az1--x-s3/1033.parquet','s3://tpch31355--apne1-az1--x-s3/1034.parquet','s3://tpch31355--apne1-az1--x-s3/1035.parquet','s3://tpch31355--apne1-az1--x-s3/1036.parquet','s3://tpch31355--apne1-az1--x-s3/1037.parquet','s3://tpch31355--apne1-az1--x-s3/1038.parquet','s3://tpch31355--apne1-az1--x-s3/1039.parquet','s3://tpch31355--apne1-az1--x-s3/1040.parquet','s3://tpch31355--apne1-az1--x-s3/1042.parquet','s3://tpch31355--apne1-az1--x-s3/1043.parquet','s3://tpch31355--apne1-az1--x-s3/1044.parquet','s3://tpch31355--apne1-az1--x-s3/1046.parquet','s3://tpch31355--apne1-az1--x-s3/1047.parquet','s3://tpch31355--apne1-az1--x-s3/1049.parquet','s3://tpch31355--apne1-az1--x-s3/1050.parquet','s3://tpch31355--apne1-az1--x-s3/1051.parquet','s3://tpch31355--apne1-az1--x-s3/1052.parquet','s3://tpch31355--apne1-az1--x-s3/1053.parquet','s3://tpch31355--apne1-az1--x-s3/1055.parquet','s3://tpch31355--apne1-az1--x-s3/1056.parquet','s3://tpch31355--apne1-az1--x-s3/1057.parquet','s3://tpch31355--apne1-az1--x-s3/1058.parquet','s3://tpch31355--apne1-az1--x-s3/1059.parquet','s3://tpch31355--apne1-az1--x-s3/1060.parquet','s3://tpch31355--apne1-az1--x-s3/1062.parquet','s3://tpch31355--apne1-az1--x-s3/1063.parquet','s3://tpch31355--apne1-az1--x-s3/1066.parquet','s3://tpch31355--apne1-az1--x-s3/1067.parquet','s3://tpch31355--apne1-az1--x-s3/1068.parquet','s3://tpch31355--apne1-az1--x-s3/1069.parquet','s3://tpch31355--apne1-az1--x-s3/1070.parquet','s3://tpch31355--apne1-az1--x-s3/1071.parquet','s3://tpch31355--apne1-az1--x-s3/1073.parquet','s3://tpch31355--apne1-az1--x-s3/1074.parquet','s3://tpch31355--apne1-az1--x-s3/1076.parquet','s3://tpch31355--apne1-az1--x-s3/1077.parquet','s3://tpch31355--apne1-az1--x-s3/1080.parquet','s3://tpch31355--apne1-az1--x-s3/1081.parquet','s3://tpch31355--apne1-az1--x-s3/1084.parquet','s3://tpch31355--apne1-az1--x-s3/1085.parquet','s3://tpch31355--apne1-az1--x-s3/1087.parquet','s3://tpch31355--apne1-az1--x-s3/1089.parquet','s3://tpch31355--apne1-az1--x-s3/1097.parquet','s3://tpch31355--apne1-az1--x-s3/1098.parquet','s3://tpch31355--apne1-az1--x-s3/1100.parquet','s3://tpch31355--apne1-az1--x-s3/1101.parquet','s3://tpch31355--apne1-az1--x-s3/1102.parquet','s3://tpch31355--apne1-az1--x-s3/1112.parquet','s3://tpch31355--apne1-az1--x-s3/1114.parquet','s3://tpch31355--apne1-az1--x-s3/1210.parquet','s3://tpch31355--apne1-az1--x-s3/1218.parquet','s3://tpch31355--apne1-az1--x-s3/1226.parquet','s3://tpch31355--apne1-az1--x-s3/1227.parquet','s3://tpch31355--apne1-az1--x-s3/1228.parquet','s3://tpch31355--apne1-az1--x-s3/1231.parquet','s3://tpch31355--apne1-az1--x-s3/1234.parquet','s3://tpch31355--apne1-az1--x-s3/1358.parquet','s3://tpch31355--apne1-az1--x-s3/1361.parquet','s3://tpch31355--apne1-az1--x-s3/1376.parquet','s3://tpch31355--apne1-az1--x-s3/1407.parquet','s3://tpch31355--apne1-az1--x-s3/1583.parquet','s3://tpch31355--apne1-az1--x-s3/1588.parquet','s3://tpch31355--apne1-az1--x-s3/1589.parquet','s3://tpch31355--apne1-az1--x-s3/1611.parquet','s3://tpch31355--apne1-az1--x-s3/1612.parquet','s3://tpch31355--apne1-az1--x-s3/1620.parquet','s3://tpch31355--apne1-az1--x-s3/1621.parquet','s3://tpch31355--apne1-az1--x-s3/172.parquet','s3://tpch31355--apne1-az1--x-s3/1738.parquet','s3://tpch31355--apne1-az1--x-s3/1760.parquet','s3://tpch31355--apne1-az1--x-s3/1775.parquet','s3://tpch31355--apne1-az1--x-s3/1919.parquet','s3://tpch31355--apne1-az1--x-s3/1988.parquet','s3://tpch31355--apne1-az1--x-s3/1989.parquet','s3://tpch31355--apne1-az1--x-s3/1990.parquet','s3://tpch31355--apne1-az1--x-s3/1991.parquet','s3://tpch31355--apne1-az1--x-s3/1992.parquet','s3://tpch31355--apne1-az1--x-s3/1993.parquet','s3://tpch31355--apne1-az1--x-s3/1994.parquet','s3://tpch31355--apne1-az1--x-s3/1995.parquet','s3://tpch31355--apne1-az1--x-s3/1996.parquet','s3://tpch31355--apne1-az1--x-s3/1997.parquet','s3://tpch31355--apne1-az1--x-s3/1998.parquet','s3://tpch31355--apne1-az1--x-s3/1999.parquet','s3://tpch31355--apne1-az1--x-s3/2000.parquet','s3://tpch31355--apne1-az1--x-s3/2001.parquet','s3://tpch31355--apne1-az1--x-s3/2002.parquet','s3://tpch31355--apne1-az1--x-s3/2003.parquet','s3://tpch31355--apne1-az1--x-s3/2004.parquet','s3://tpch31355--apne1-az1--x-s3/2005.parquet','s3://tpch31355--apne1-az1--x-s3/2006.parquet','s3://tpch31355--apne1-az1--x-s3/2007.parquet','s3://tpch31355--apne1-az1--x-s3/2008.parquet','s3://tpch31355--apne1-az1--x-s3/2009.parquet','s3://tpch31355--apne1-az1--x-s3/2010.parquet','s3://tpch31355--apne1-az1--x-s3/2011.parquet','s3://tpch31355--apne1-az1--x-s3/2012.parquet','s3://tpch31355--apne1-az1--x-s3/2013.parquet','s3://tpch31355--apne1-az1--x-s3/2014.parquet','s3://tpch31355--apne1-az1--x-s3/2015.parquet','s3://tpch31355--apne1-az1--x-s3/2016.parquet','s3://tpch31355--apne1-az1--x-s3/2017.parquet','s3://tpch31355--apne1-az1--x-s3/2018.parquet','s3://tpch31355--apne1-az1--x-s3/2019.parquet','s3://tpch31355--apne1-az1--x-s3/2020.parquet','s3://tpch31355--apne1-az1--x-s3/2021.parquet','s3://tpch31355--apne1-az1--x-s3/2022.parquet','s3://tpch31355--apne1-az1--x-s3/2023.parquet','s3://tpch31355--apne1-az1--x-s3/2024.parquet','s3://tpch31355--apne1-az1--x-s3/2025.parquet','s3://tpch31355--apne1-az1--x-s3/2026.parquet','s3://tpch31355--apne1-az1--x-s3/2027.parquet','s3://tpch31355--apne1-az1--x-s3/2028.parquet','s3://tpch31355--apne1-az1--x-s3/2029.parquet','s3://tpch31355--apne1-az1--x-s3/2030.parquet','s3://tpch31355--apne1-az1--x-s3/2031.parquet','s3://tpch31355--apne1-az1--x-s3/2032.parquet','s3://tpch31355--apne1-az1--x-s3/2033.parquet','s3://tpch31355--apne1-az1--x-s3/2034.parquet','s3://tpch31355--apne1-az1--x-s3/2035.parquet','s3://tpch31355--apne1-az1--x-s3/2036.parquet','s3://tpch31355--apne1-az1--x-s3/2037.parquet','s3://tpch31355--apne1-az1--x-s3/2038.parquet','s3://tpch31355--apne1-az1--x-s3/2039.parquet','s3://tpch31355--apne1-az1--x-s3/2040.parquet','s3://tpch31355--apne1-az1--x-s3/2041.parquet','s3://tpch31355--apne1-az1--x-s3/2042.parquet','s3://tpch31355--apne1-az1--x-s3/2043.parquet','s3://tpch31355--apne1-az1--x-s3/2044.parquet','s3://tpch31355--apne1-az1--x-s3/2045.parquet','s3://tpch31355--apne1-az1--x-s3/2046.parquet','s3://tpch31355--apne1-az1--x-s3/2047.parquet','s3://tpch31355--apne1-az1--x-s3/2048.parquet','s3://tpch31355--apne1-az1--x-s3/2049.parquet',