{
    "rows_returned": 1,
    "latency": 50.632317097,
    "result_set_size": 8,
    "cumulative_rows_scanned": 4547014400,
    "cumulative_cardinality": 338068079,
    "extra_info": {},
    "cpu_time": 458.0348075999999,
    "blocked_thread_time": 5.34,
    "query_name": "COPY (FROM read_parquet(['s3://tpch10289--apne1-az1--x-s3/1206.parquet','s3://tpch10289--apne1-az1--x-s3/1277.parquet','s3://tpch10289--apne1-az1--x-s3/1348.parquet','s3://tpch10289--apne1-az1--x-s3/1349.parquet','s3://tpch10289--apne1-az1--x-s3/1350.parquet','s3://tpch10289--apne1-az1--x-s3/1352.parquet','s3://tpch10289--apne1-az1--x-s3/1353.parquet','s3://tpch10289--apne1-az1--x-s3/1354.parquet','s3://tpch10289--apne1-az1--x-s3/1355.parquet','s3://tpch10289--apne1-az1--x-s3/1356.parquet','s3://tpch10289--apne1-az1--x-s3/1357.parquet','s3://tpch10289--apne1-az1--x-s3/1358.parquet','s3://tpch10289--apne1-az1--x-s3/1359.parquet','s3://tpch10289--apne1-az1--x-s3/1360.parquet','s3://tpch10289--apne1-az1--x-s3/1361.parquet','s3://tpch10289--apne1-az1--x-s3/1362.parquet','s3://tpch10289--apne1-az1--x-s3/1363.parquet','s3://tpch10289--apne1-az1--x-s3/1364.parquet','s3://tpch10289--apne1-az1--x-s3/1365.parquet','s3://tpch10289--apne1-az1--x-s3/1367.parquet','s3://tpch10289--apne1-az1--x-s3/1368.parquet','s3://tpch10289--apne1-az1--x-s3/1369.parquet','s3://tpch10289--apne1-az1--x-s3/1371.parquet','s3://tpch10289--apne1-az1--x-s3/1372.parquet','s3://tpch10289--apne1-az1--x-s3/1373.parquet','s3://tpch10289--apne1-az1--x-s3/1374.parquet','s3://tpch10289--apne1-az1--x-s3/1376.parquet','s3://tpch10289--apne1-az1--x-s3/1377.parquet','s3://tpch10289--apne1-az1--x-s3/1378.parquet','s3://tpch10289--apne1-az1--x-s3/1379.parquet','s3://tpch10289--apne1-az1--x-s3/1380.parquet','s3://tpch10289--apne1-az1--x-s3/1381.parquet','s3://tpch10289--apne1-az1--x-s3/1382.parquet','s3://tpch10289--apne1-az1--x-s3/1383.parquet','s3://tpch10289--apne1-az1--x-s3/1384.parquet','s3://tpch10289--apne1-az1--x-s3/1385.parquet','s3://tpch10289--apne1-az1--x-s3/1387.parquet','s3://tpch10289--apne1-az1--x-s3/1388.parquet','s3://tpch10289--apne1-az1--x-s3/1389.parquet','s3://tpch10289--apne1-az1--x-s3/1390.parquet','s3://tpch10289--apne1-az1--x-s3/1391.parquet','s3://tpch10289--apne1-az1--x-s3/1392.parquet','s3://tpch10289--apne1-az1--x-s3/1393.parquet','s3://tpch10289--apne1-az1--x-s3/1394.parquet','s3://tpch10289--apne1-az1--x-s3/1395.parquet','s3://tpch10289--apne1-az1--x-s3/1396.parquet','s3://tpch10289--apne1-az1--x-s3/1397.parquet','s3://tpch10289--apne1-az1--x-s3/1398.parquet','s3://tpch10289--apne1-az1--x-s3/1399.parquet','s3://tpch10289--apne1-az1--x-s3/1400.parquet','s3://tpch10289--apne1-az1--x-s3/1401.parquet','s3://tpch10289--apne1-az1--x-s3/1402.parquet','s3://tpch10289--apne1-az1--x-s3/1403.parquet','s3://tpch10289--apne1-az1--x-s3/1404.parquet','s3://tpch10289--apne1-az1--x-s3/1405.parquet','s3://tpch10289--apne1-az1--x-s3/1406.parquet','s3://tpch10289--apne1-az1--x-s3/1407.parquet','s3://tpch10289--apne1-az1--x-s3/1409.parquet','s3://tpch10289--apne1-az1--x-s3/1410.parquet','s3://tpch10289--apne1-az1--x-s3/1411.parquet','s3://tpch10289--apne1-az1--x-s3/1412.parquet','s3://tpch10289--apne1-az1--x-s3/1413.parquet','s3://tpch10289--apne1-az1--x-s3/1414.parquet','s3://tpch10289--apne1-az1--x-s3/1415.parquet','s3://tpch10289--apne1-az1--x-s3/1416.parquet','s3://tpch10289--apne1-az1--x-s3/1417.parquet','s3://tpch10289--apne1-az1--x-s3/1491.parquet','s3://tpch10289--apne1-az1--x-s3/1492.parquet','s3://tpch10289--apne1-az1--x-s3/1493.parquet','s3://tpch10289--apne1-az1--x-s3/1494.parquet','s3://tpch10289--apne1-az1--x-s3/1495.parquet','s3://tpch10289--apne1-az1--x-s3/1496.parquet','s3://tpch10289--apne1-az1--x-s3/1497.parquet','s3://tpch10289--apne1-az1--x-s3/1498.parquet','s3://tpch10289--apne1-az1--x-s3/1499.parquet','s3://tpch10289--apne1-az1--x-s3/1500.parquet','s3://tpch10289--apne1-az1--x-s3/1501.parquet','s3://tpch10289--apne1-az1--x-s3/1502.parquet','s3://tpch10289--apne1-az1--x-s3/1503.parquet','s3://tpch10289--apne1-az1--x-s3/1504.parquet','s3://tpch10289--apne1-az1--x-s3/1505.parquet','s3://tpch10289--apne1-az1--x-s3/1506.parquet','s3://tpch10289--apne1-az1--x-s3/1507.parquet','s3://tpch10289--apne1-az1--x-s3/1509.parquet','s3://tpch10289--apne1-az1--x-s3/1510.parquet','s3://tpch10289--apne1-az1--x-s3/1511.parquet','s3://tpch10289--apne1-az1--x-s3/1512.parquet','s3://tpch10289--apne1-az1--x-s3/1513.parquet','s3://tpch10289--apne1-az1--x-s3/1514.parquet','s3://tpch10289--apne1-az1--x-s3/1515.parquet','s3://tpch10289--apne1-az1--x-s3/1516.parquet','s3://tpch10289--apne1-az1--x-s3/1517.parquet','s3://tpch10289--apne1-az1--x-s3/1518.parquet','s3://tpch10289--apne1-az1--x-s3/1519.parquet','s3://tpch10289--apne1-az1--x-s3/1520.parquet','s3://tpch10289--apne1-az1--x-s3/1521.parquet','s3://tpch10289--apne1-az1--x-s3/1522.parquet','s3://tpch10289--apne1-az1--x-s3/1523.parquet','s3://tpch10289--apne1-az1--x-s3/1524.parquet','s3://tpch10289--apne1-az1--x-s3/1525.parquet','s3://tpch10289--apne1-az1--x-s3/1526.parquet','s3://tpch10289--apne1-az1--x-s3/1527.parquet','s3://tpch10289--apne1-az1--x-s3/1528.parquet','s3://tpch10289--apne1-az1--x-s3/1531.parquet','s3://tpch10289--apne1-az1--x-s3/1533.parquet','s3://tpch10289--apne1-az1--x-s3/1534.parquet','s3://tpch10289--apne1-az1--x-s3/1535.parquet','s3://tpch10289--apne1-az1--x-s3/1536.parquet','s3://tpch10289--apne1-az1--x-s3/1537.parquet','s3://tpch10289--apne1-az1--x-s3/1538.parquet','s3://tpch10289--apne1-az1--x-s3/1541.parquet','s3://tpch10289--apne1-az1--x-s3/1542.parquet','s3://tpch10289--apne1-az1--x-s3/1543.parquet','s3://tpch10289--apne1-az1--x-s3/1544.parquet','s3://tpch10289--apne1-az1--x-s3/1545.parquet','s3://tpch10289--apne1-az1--x-s3/1546.parquet','s3://tpch10289--apne1-az1--x-s3/1547.parquet','s3://tpch10289--apne1-az1--x-s3/1548.parquet','s3://tpch10289--apne1-az1--x-s3/1549.parquet','s3://tpch10289--apne1-az1--x-s3/1550.parquet','s3://tpch10289--apne1-az1--x-s3/1551.parquet','s3://tpch10289--apne1-az1--x-s3/1552.parquet','s3://tpch10289--apne1-az1--x-s3/1553.parquet','s3://tpch10289--apne1-az1--x-s3/1554.parquet','s3://tpch10289--apne1-az1--x-s3/1555.parquet','s3://tpch10289--apne1-az1--x-s3/1556.parquet','s3://tpch10289--apne1-az1--x-s3/1557.parquet','s3://tpch10289--apne1-az1--x-s3/1558.parquet','s3://tpch10289--apne1-az1--x-s3/1559.parquet','s3://tpch10289--apne1-az1--x-s3/1560.parquet','s3://tpch10289--apne1-az1--x-s3/1562.parquet','s3://tpch10289--apne1-az1--x-s3/1563.parquet','s3://tpch10289--apne1-az1--x-s3/1564.parquet','s3://tpch10289--apne1-az1--x-s3/1565.parquet','s3://tpch10289--apne1-az1--x-s3/1566.parquet','s3://tpch10289--apne1-az1--x-s3/1567.parquet','s3://tpch10289--apne1-az1--x-s3/1568.parquet','s3://tpch10289--apne1-az1--x-s3/1569.parquet','s3://tpch10289--apne1-az1--x-s3/1570.parquet','s3://tpch10289--apne1-az1--x-s3/1571.parquet','s3://tpch10289--apne1-az1--x-s3/1572.parquet','s3://tpch10289--apne1-az1--x-s3/1573.parquet','s3://tpch10289--apne1-az1--x-s3/1574.parquet','s3://tpch10289--apne1-az1--x-s3/1575.parquet','s3://tpch10289--apne1-az1--x-s3/1576.parquet','s3://tpch10289--apne1-az1--x-s3/1577.parquet','s3://tpch10289--apne1-az1--x-s3/1578.parquet','s3://tpch10289--apne1-az1--x-s3/1579.parquet','s3://tpch10289--apne1-az1--x-s3/1580.parquet','s3://tpch10289--apne1-az1--x-s3/1581.parquet','s3://tpch10289--apne1-az1--x-s3/1582.parquet','s3://tpch10289--apne1-az1--x-s3/1583.parquet','s3://tpch10289--apne1-az1--x-s3/1584.parquet','s3://tpch10289--apne1-az1--x-s3/1585.parquet','s3://tpch10289--apne1-az1--x-s3/1586.parquet','s3://tpch10289--apne1-az1--x-s3/1587.parquet','s3://tpch10289--apne1-az1--x-s3/1588.parquet','s3://tpch10289--apne1-az1--x-s3/1589.parquet','s3://tpch10289--apne1-az1--x-s3/1590.parquet','s3://tpch10289--apne1-az1--x-s3/1591.parquet','s3://tpch10289--apne1-az1--x-s3/1592.parquet','s3://tpch10289--apne1-az1--x-s3/1593.parquet','s3://tpch10289--apne1-az1--x-s3/1594.parquet',