{
    "rows_returned": 1,
    "latency": 50.01470022,
    "result_set_size": 8,
    "cumulative_rows_scanned": 5427200000,
    "cumulative_cardinality": 334867499,
    "extra_info": {},
    "cpu_time": 447.6454814269997,
    "blocked_thread_time": 4.76,
    "query_name": "COPY (FROM read_parquet(['s3://tpch10289--apne1-az1--x-s3/0.parquet','s3://tpch10289--apne1-az1--x-s3/10.parquet','s3://tpch10289--apne1-az1--x-s3/100.parquet','s3://tpch10289--apne1-az1--x-s3/101.parquet','s3://tpch10289--apne1-az1--x-s3/104.parquet','s3://tpch10289--apne1-az1--x-s3/106.parquet','s3://tpch10289--apne1-az1--x-s3/107.parquet','s3://tpch10289--apne1-az1--x-s3/109.parquet','s3://tpch10289--apne1-az1--x-s3/111.parquet','s3://tpch10289--apne1-az1--x-s3/1124.parquet','s3://tpch10289--apne1-az1--x-s3/118.parquet','s3://tpch10289--apne1-az1--x-s3/119.parquet','s3://tpch10289--apne1-az1--x-s3/120.parquet','s3://tpch10289--apne1-az1--x-s3/122.parquet','s3://tpch10289--apne1-az1--x-s3/126.parquet','s3://tpch10289--apne1-az1--x-s3/1267.parquet','s3://tpch10289--apne1-az1--x-s3/128.parquet','s3://tpch10289--apne1-az1--x-s3/13.parquet','s3://tpch10289--apne1-az1--x-s3/131.parquet','s3://tpch10289--apne1-az1--x-s3/135.parquet','s3://tpch10289--apne1-az1--x-s3/136.parquet','s3://tpch10289--apne1-az1--x-s3/1364.parquet','s3://tpch10289--apne1-az1--x-s3/137.parquet','s3://tpch10289--apne1-az1--x-s3/138.parquet','s3://tpch10289--apne1-az1--x-s3/140.parquet','s3://tpch10289--apne1-az1--x-s3/141.parquet','s3://tpch10289--apne1-az1--x-s3/1418.parquet','s3://tpch10289--apne1-az1--x-s3/1419.parquet','s3://tpch10289--apne1-az1--x-s3/1447.parquet','s3://tpch10289--apne1-az1--x-s3/1490.parquet','s3://tpch10289--apne1-az1--x-s3/153.parquet','s3://tpch10289--apne1-az1--x-s3/155.parquet','s3://tpch10289--apne1-az1--x-s3/156.parquet','s3://tpch10289--apne1-az1--x-s3/1561.parquet','s3://tpch10289--apne1-az1--x-s3/157.parquet','s3://tpch10289--apne1-az1--x-s3/158.parquet','s3://tpch10289--apne1-az1--x-s3/16.parquet','s3://tpch10289--apne1-az1--x-s3/160.parquet','s3://tpch10289--apne1-az1--x-s3/163.parquet','s3://tpch10289--apne1-az1--x-s3/1632.parquet','s3://tpch10289--apne1-az1--x-s3/164.parquet','s3://tpch10289--apne1-az1--x-s3/166.parquet','s3://tpch10289--apne1-az1--x-s3/169.parquet','s3://tpch10289--apne1-az1--x-s3/17.parquet','s3://tpch10289--apne1-az1--x-s3/170.parquet','s3://tpch10289--apne1-az1--x-s3/1703.parquet','s3://tpch10289--apne1-az1--x-s3/1704.parquet','s3://tpch10289--apne1-az1--x-s3/1705.parquet','s3://tpch10289--apne1-az1--x-s3/1706.parquet','s3://tpch10289--apne1-az1--x-s3/1707.parquet','s3://tpch10289--apne1-az1--x-s3/1708.parquet','s3://tpch10289--apne1-az1--x-s3/1709.parquet','s3://tpch10289--apne1-az1--x-s3/1710.parquet','s3://tpch10289--apne1-az1--x-s3/1711.parquet','s3://tpch10289--apne1-az1--x-s3/1712.parquet','s3://tpch10289--apne1-az1--x-s3/1713.parquet','s3://tpch10289--apne1-az1--x-s3/1714.parquet','s3://tpch10289--apne1-az1--x-s3/1715.parquet','s3://tpch10289--apne1-az1--x-s3/1716.parquet','s3://tpch10289--apne1-az1--x-s3/1717.parquet','s3://tpch10289--apne1-az1--x-s3/1718.parquet','s3://tpch10289--apne1-az1--x-s3/1719.parquet','s3://tpch10289--apne1-az1--x-s3/172.parquet','s3://tpch10289--apne1-az1--x-s3/1720.parquet','s3://tpch10289--apne1-az1--x-s3/1721.parquet','s3://tpch10289--apne1-az1--x-s3/1722.parquet','s3://tpch10289--apne1-az1--x-s3/1723.parquet','s3://tpch10289--apne1-az1--x-s3/1724.parquet','s3://tpch10289--apne1-az1--x-s3/1725.parquet','s3://tpch10289--apne1-az1--x-s3/1726.parquet','s3://tpch10289--apne1-az1--x-s3/1727.parquet','s3://tpch10289--apne1-az1--x-s3/1728.parquet','s3://tpch10289--apne1-az1--x-s3/1729.parquet','s3://tpch10289--apne1-az1--x-s3/173.parquet','s3://tpch10289--apne1-az1--x-s3/1730.parquet','s3://tpch10289--apne1-az1--x-s3/1731.parquet','s3://tpch10289--apne1-az1--x-s3/1732.parquet','s3://tpch10289--apne1-az1--x-s3/1733.parquet','s3://tpch10289--apne1-az1--x-s3/1734.parquet','s3://tpch10289--apne1-az1--x-s3/1735.parquet','s3://tpch10289--apne1-az1--x-s3/1736.parquet','s3://tpch10289--apne1-az1--x-s3/1737.parquet','s3://tpch10289--apne1-az1--x-s3/1738.parquet','s3://tpch10289--apne1-az1--x-s3/1739.parquet','s3://tpch10289--apne1-az1--x-s3/1740.parquet','s3://tpch10289--apne1-az1--x-s3/1741.parquet','s3://tpch10289--apne1-az1--x-s3/1742.parquet','s3://tpch10289--apne1-az1--x-s3/1743.parquet','s3://tpch10289--apne1-az1--x-s3/1744.parquet','s3://tpch10289--apne1-az1--x-s3/1745.parquet','s3://tpch10289--apne1-az1--x-s3/1746.parquet','s3://tpch10289--apne1-az1--x-s3/1747.parquet','s3://tpch10289--apne1-az1--x-s3/1748.parquet','s3://tpch10289--apne1-az1--x-s3/1749.parquet','s3://tpch10289--apne1-az1--x-s3/175.parquet','s3://tpch10289--apne1-az1--x-s3/1750.parquet','s3://tpch10289--apne1-az1--x-s3/1751.parquet','s3://tpch10289--apne1-az1--x-s3/1752.parquet','s3://tpch10289--apne1-az1--x-s3/1753.parquet','s3://tpch10289--apne1-az1--x-s3/1754.parquet','s3://tpch10289--apne1-az1--x-s3/1755.parquet','s3://tpch10289--apne1-az1--x-s3/1756.parquet','s3://tpch10289--apne1-az1--x-s3/1757.parquet','s3://tpch10289--apne1-az1--x-s3/1758.parquet','s3://tpch10289--apne1-az1--x-s3/1759.parquet','s3://tpch10289--apne1-az1--x-s3/176.parquet','s3://tpch10289--apne1-az1--x-s3/1760.parquet','s3://tpch10289--apne1-az1--x-s3/1761.parquet','s3://tpch10289--apne1-az1--x-s3/1762.parquet','s3://tpch10289--apne1-az1--x-s3/1763.parquet','s3://tpch10289--apne1-az1--x-s3/1764.parquet','s3://tpch10289--apne1-az1--x-s3/1765.parquet','s3://tpch10289--apne1-az1--x-s3/1766.parquet','s3://tpch10289--apne1-az1--x-s3/1767.parquet','s3://tpch10289--apne1-az1--x-s3/1768.parquet','s3://tpch10289--apne1-az1--x-s3/1769.parquet','s3://tpch10289--apne1-az1--x-s3/1770.parquet','s3://tpch10289--apne1-az1--x-s3/1771.parquet','s3://tpch10289--apne1-az1--x-s3/1772.parquet','s3://tpch10289--apne1-az1--x-s3/1773.parquet','s3://tpch10289--apne1-az1--x-s3/1775.parquet','s3://tpch10289--apne1-az1--x-s3/1776.parquet','s3://tpch10289--apne1-az1--x-s3/1780.parquet','s3://tpch10289--apne1-az1--x-s3/1790.parquet','s3://tpch10289--apne1-az1--x-s3/1798.parquet','s3://tpch10289--apne1-az1--x-s3/1799.parquet','s3://tpch10289--apne1-az1--x-s3/18.parquet','s3://tpch10289--apne1-az1--x-s3/1801.parquet','s3://tpch10289--apne1-az1--x-s3/1802.parquet','s3://tpch10289--apne1-az1--x-s3/1803.parquet','s3://tpch10289--apne1-az1--x-s3/1804.parquet','s3://tpch10289--apne1-az1--x-s3/1805.parquet','s3://tpch10289--apne1-az1--x-s3/1807.parquet','s3://tpch10289--apne1-az1--x-s3/1808.parquet','s3://tpch10289--apne1-az1--x-s3/1809.parquet','s3://tpch10289--apne1-az1--x-s3/1810.parquet','s3://tpch10289--apne1-az1--x-s3/1813.parquet','s3://tpch10289--apne1-az1--x-s3/182.parquet','s3://tpch10289--apne1-az1--x-s3/1820.parquet','s3://tpch10289--apne1-az1--x-s3/1825.parquet','s3://tpch10289--apne1-az1--x-s3/183.parquet','s3://tpch10289--apne1-az1--x-s3/1835.parquet','s3://tpch10289--apne1-az1--x-s3/184.parquet','s3://tpch10289--apne1-az1--x-s3/1844.parquet','s3://tpch10289--apne1-az1--x-s3/185.parquet','s3://tpch10289--apne1-az1--x-s3/186.parquet','s3://tpch10289--apne1-az1--x-s3/187.parquet','s3://tpch10289--apne1-az1--x-s3/189.parquet','s3://tpch10289--apne1-az1--x-s3/19.parquet','s3://tpch10289--apne1-az1--x-s3/199.parquet','s3://tpch10289--apne1-az1--x-s3/2.parquet','s3://tpch10289--apne1-az1--x-s3/20.parquet','s3://tpch10289--apne1-az1--x-s3/200.parquet','s3://tpch10289--apne1-az1--x-s3/202.parquet','s3://tpch10289--apne1-az1--x-s3/206.parquet','s3://tpch10289--apne1-az1--x-s3/207.parquet','s3://tpch10289--apne1-az1--x-s3/208.parquet','s3://tpch10289--apne1-az1--x-s3/212.parquet','s3://tpch10289--apne1-az1--x-s3/240.parquet','s3://tpch10289--apne1-az1--x-s3/26.parquet','s3://tpch10289--apne1-az1--x-s3/283.parquet','s3://tpch10289--apne1-az1--x-s3/29.parquet','s3://tpch10289--apne1-az1--x-s3/30.parquet','s3://tpch10289--apne1-az1--x-s3/31.parquet','s3://tpch10289--apne1-az1--x-s3/33.parquet',